s1_entity_id,missed_matched_id,candidate_count,reason
S1-925783039,S2-517291332,350,posting_cap_or_token_filtering
S1-773889195,S2-374107005,28,posting_cap_or_token_filtering
S1-773889195,S2-970528089,28,posting_cap_or_token_filtering
S1-133037285,S3-33144658,0,zero_candidates
S1-133037285,S2-103437512,0,zero_candidates
S1-133037285,S3-476003339,0,zero_candidates
S1-133037285,S3-940895145,0,zero_candidates
S1-133037285,S3-183080822,0,zero_candidates
S1-133037285,S2-407207105,0,zero_candidates
S1-851869949,S3-807524060,305,posting_cap_or_token_filtering
S1-27541239,S2-85756610,0,zero_candidates
S1-27541239,S3-893131105,0,zero_candidates
S1-27541239,S2-199341916,0,zero_candidates
S1-27541239,S3-739757636,0,zero_candidates
S1-629417405,S2-928426462,0,zero_candidates
S1-629417405,S3-962449159,0,zero_candidates
S1-629417405,S3-438606634,0,zero_candidates
S1-629417405,S2-522538408,0,zero_candidates
S1-629417405,S3-613837325,0,zero_candidates
S1-629417405,S3-606982601,0,zero_candidates
S1-629417405,S3-786131946,0,zero_candidates
S1-22305073,S2-578011604,147,posting_cap_or_token_filtering
S1-504790211,S3-582752221,350,posting_cap_or_token_filtering
S1-504790211,S2-482219248,350,posting_cap_or_token_filtering
S1-504790211,S2-340882825,350,posting_cap_or_token_filtering
S1-865131206,S3-219374335,0,zero_candidates
S1-865131206,S3-652513823,0,zero_candidates
S1-865131206,S2-657355663,0,zero_candidates
S1-865131206,S3-567734078,0,zero_candidates
S1-626914593,S2-563003232,0,zero_candidates
S1-626914593,S3-594660686,0,zero_candidates
S1-765734254,S3-392778993,350,posting_cap_or_token_filtering
S1-765734254,S3-799567902,350,posting_cap_or_token_filtering
S1-765734254,S2-156753828,350,posting_cap_or_token_filtering
S1-82053739,S3-618834296,0,zero_candidates
S1-82053739,S3-250737963,0,zero_candidates
S1-221443075,S2-861061618,350,posting_cap_or_token_filtering
S1-221443075,S3-815125209,350,posting_cap_or_token_filtering
S1-341506266,S3-515150480,350,posting_cap_or_token_filtering
S1-597762257,S2-152865025,0,zero_candidates
S1-597762257,S2-535895394,0,zero_candidates
S1-597762257,S2-750318376,0,zero_candidates
S1-597762257,S3-426660831,0,zero_candidates
S1-661315962,S2-906228400,350,posting_cap_or_token_filtering
S1-716574008,S3-678385750,350,posting_cap_or_token_filtering
S1-716574008,S3-738802926,350,posting_cap_or_token_filtering
S1-716574008,S2-149909235,350,posting_cap_or_token_filtering
S1-985038901,S2-895941180,350,posting_cap_or_token_filtering
S1-985038901,S3-612925439,350,posting_cap_or_token_filtering
S1-252242682,S2-84842746,350,posting_cap_or_token_filtering
S1-981440385,S2-198083311,350,posting_cap_or_token_filtering
S1-981440385,S3-345144200,350,posting_cap_or_token_filtering
S1-981440385,S2-374912494,350,posting_cap_or_token_filtering
S1-883973644,S2-346262429,0,zero_candidates
S1-17666546,S2-341313901,350,posting_cap_or_token_filtering
S1-513115995,S3-936443358,0,zero_candidates
S1-513115995,S2-280138829,0,zero_candidates
S1-791217329,S2-758463856,0,zero_candidates
S1-791217329,S2-610359841,0,zero_candidates
S1-602913883,S2-880137000,0,zero_candidates
S1-602913883,S2-837366545,0,zero_candidates
S1-602913883,S3-956365580,0,zero_candidates
S1-602913883,S3-664599872,0,zero_candidates
S1-401372098,S2-58252265,0,zero_candidates
S1-401372098,S2-205646360,0,zero_candidates
S1-401372098,S2-687064785,0,zero_candidates
S1-796227187,S3-637901841,0,zero_candidates
S1-796227187,S2-356053713,0,zero_candidates
S1-796227187,S3-941018876,0,zero_candidates
S1-945437722,S2-337628826,350,posting_cap_or_token_filtering
S1-982210261,S3-724446420,350,posting_cap_or_token_filtering
S1-982210261,S3-224600177,350,posting_cap_or_token_filtering
S1-982210261,S3-580369108,350,posting_cap_or_token_filtering
S1-982210261,S2-240496833,350,posting_cap_or_token_filtering
S1-976369483,S2-268873536,350,posting_cap_or_token_filtering
S1-370715897,S2-146449836,0,zero_candidates
S1-370715897,S3-200302884,0,zero_candidates
S1-145829425,S3-898064155,350,posting_cap_or_token_filtering
S1-145829425,S2-215160242,350,posting_cap_or_token_filtering
S1-145829425,S2-597547471,350,posting_cap_or_token_filtering
S1-993527714,S3-250788566,350,posting_cap_or_token_filtering
S1-993527714,S3-623091575,350,posting_cap_or_token_filtering
S1-151608539,S2-128512750,350,posting_cap_or_token_filtering
S1-151608539,S3-509257100,350,posting_cap_or_token_filtering
S1-151608539,S3-91140513,350,posting_cap_or_token_filtering
S1-134898809,S2-156312637,0,zero_candidates
S1-134898809,S3-882276216,0,zero_candidates
S1-134898809,S3-307933717,0,zero_candidates
S1-134898809,S3-994371548,0,zero_candidates
S1-134898809,S2-733711701,0,zero_candidates
S1-500841209,S3-480315753,350,posting_cap_or_token_filtering
S1-500841209,S3-61034637,350,posting_cap_or_token_filtering
S1-277072715,S3-61206591,32,posting_cap_or_token_filtering
S1-269656551,S3-637610456,350,posting_cap_or_token_filtering
S1-514155563,S3-54908638,350,posting_cap_or_token_filtering
S1-514155563,S3-229519117,350,posting_cap_or_token_filtering
S1-681392030,S3-340243016,0,zero_candidates
S1-681392030,S3-51004437,0,zero_candidates
S1-681392030,S3-476447318,0,zero_candidates
S1-681392030,S2-501358496,0,zero_candidates
S1-492467148,S2-946846997,0,zero_candidates
S1-951599976,S2-227003925,0,zero_candidates
S1-951599976,S2-907629838,0,zero_candidates
S1-315450523,S2-945125430,350,posting_cap_or_token_filtering
S1-666876590,S3-847656632,0,zero_candidates
S1-666876590,S3-20969768,0,zero_candidates
S1-666876590,S2-185860935,0,zero_candidates
S1-666876590,S2-975207252,0,zero_candidates
S1-666876590,S2-409273,0,zero_candidates
S1-913301865,S2-501080638,350,posting_cap_or_token_filtering
S1-216181354,S2-225919108,350,posting_cap_or_token_filtering
S1-454111437,S2-790403370,242,posting_cap_or_token_filtering
S1-965549055,S3-47511318,0,zero_candidates
S1-965549055,S2-147779226,0,zero_candidates
S1-965549055,S2-71831978,0,zero_candidates
S1-965549055,S3-537422052,0,zero_candidates
S1-302710833,S2-546588882,350,posting_cap_or_token_filtering
S1-302710833,S2-23803098,350,posting_cap_or_token_filtering
S1-302710833,S2-888817530,350,posting_cap_or_token_filtering
S1-208973592,S3-931413846,0,zero_candidates
S1-208973592,S3-645496810,0,zero_candidates
S1-208973592,S2-165827711,0,zero_candidates
S1-208973592,S3-135578226,0,zero_candidates
S1-208973592,S2-481660181,0,zero_candidates
S1-208973592,S3-832332012,0,zero_candidates
S1-630223771,S3-587424087,350,posting_cap_or_token_filtering
S1-630223771,S3-697578371,350,posting_cap_or_token_filtering
S1-630223771,S3-815538600,350,posting_cap_or_token_filtering
S1-72918323,S3-179297324,0,zero_candidates
S1-72918323,S3-833264802,0,zero_candidates
S1-72918323,S3-860437856,0,zero_candidates
S1-72918323,S2-12325608,0,zero_candidates
S1-754175313,S3-992076561,0,zero_candidates
S1-754175313,S2-174917371,0,zero_candidates
S1-754175313,S3-412701641,0,zero_candidates
S1-970518712,S2-239226917,350,posting_cap_or_token_filtering
S1-366329737,S2-23560385,350,posting_cap_or_token_filtering
S1-708796012,S3-974934575,0,zero_candidates
S1-708796012,S3-335174066,0,zero_candidates
S1-708796012,S2-994438467,0,zero_candidates
S1-708796012,S3-703951662,0,zero_candidates
S1-708796012,S2-440628035,0,zero_candidates
S1-708796012,S3-338279058,0,zero_candidates
S1-935703127,S2-351235736,350,posting_cap_or_token_filtering
S1-935703127,S2-261786236,350,posting_cap_or_token_filtering
S1-935703127,S3-695941880,350,posting_cap_or_token_filtering
S1-424529930,S3-513647452,0,zero_candidates
S1-424529930,S2-856639211,0,zero_candidates
S1-424529930,S3-749460022,0,zero_candidates
S1-912508322,S3-768166043,0,zero_candidates
S1-912508322,S3-894743995,0,zero_candidates
S1-912508322,S2-276782865,0,zero_candidates
S1-912508322,S2-974864172,0,zero_candidates
S1-912508322,S2-334957677,0,zero_candidates
S1-846028981,S3-556955938,350,posting_cap_or_token_filtering
S1-846028981,S3-473512786,350,posting_cap_or_token_filtering
S1-846028981,S3-57600493,350,posting_cap_or_token_filtering
S1-846028981,S3-78080276,350,posting_cap_or_token_filtering
S1-318218643,S2-5757527,350,posting_cap_or_token_filtering
S1-318218643,S3-492516478,350,posting_cap_or_token_filtering
S1-435587816,S2-600565084,350,posting_cap_or_token_filtering
S1-544301808,S3-188100337,0,zero_candidates
S1-544301808,S2-152166163,0,zero_candidates
S1-800482427,S3-338689364,0,zero_candidates
S1-800482427,S3-321919925,0,zero_candidates
S1-800482427,S3-355590735,0,zero_candidates
S1-800482427,S3-22228357,0,zero_candidates
S1-846529766,S2-786348574,350,posting_cap_or_token_filtering
S1-846529766,S3-959205448,350,posting_cap_or_token_filtering
S1-761874846,S2-719023480,0,zero_candidates
S1-761874846,S3-3574904,0,zero_candidates
S1-761874846,S2-926079239,0,zero_candidates
S1-761874846,S3-527332992,0,zero_candidates
S1-703200453,S3-485763252,350,posting_cap_or_token_filtering
S1-703200453,S2-144163137,350,posting_cap_or_token_filtering
S1-500552277,S3-523390882,0,zero_candidates
S1-500552277,S3-91306272,0,zero_candidates
S1-500552277,S3-602004752,0,zero_candidates
S1-500552277,S2-613760087,0,zero_candidates
S1-500552277,S3-628706426,0,zero_candidates
S1-500552277,S3-829483271,0,zero_candidates
S1-446787657,S3-644702510,350,posting_cap_or_token_filtering
S1-505869859,S3-971950950,350,posting_cap_or_token_filtering
S1-814475089,S3-814489031,0,zero_candidates
S1-814475089,S3-107435140,0,zero_candidates
S1-814475089,S2-238559336,0,zero_candidates
S1-814475089,S2-72193173,0,zero_candidates
S1-814475089,S3-388645736,0,zero_candidates
S1-814475089,S2-366448075,0,zero_candidates
S1-814475089,S3-720955181,0,zero_candidates
S1-451077707,S3-92853611,53,posting_cap_or_token_filtering
S1-940115232,S3-946614984,350,posting_cap_or_token_filtering
S1-800915873,S2-12305520,188,posting_cap_or_token_filtering
S1-800915873,S2-592882465,188,posting_cap_or_token_filtering
S1-21084577,S3-364924227,204,posting_cap_or_token_filtering
S1-21084577,S3-50929802,204,posting_cap_or_token_filtering
S1-978421811,S2-847503139,0,zero_candidates
S1-978421811,S2-346720876,0,zero_candidates
S1-978421811,S3-453096432,0,zero_candidates
S1-978421811,S2-798657992,0,zero_candidates
S1-978421811,S2-687120101,0,zero_candidates
S1-19400879,S3-576699416,350,posting_cap_or_token_filtering
S1-617455147,S2-639267012,143,posting_cap_or_token_filtering
S1-617455147,S3-630897051,143,posting_cap_or_token_filtering
S1-477458226,S3-931784124,350,posting_cap_or_token_filtering
S1-173971969,S3-165312490,30,posting_cap_or_token_filtering
S1-173971969,S3-210351517,30,posting_cap_or_token_filtering
S1-907635568,S2-50264131,14,posting_cap_or_token_filtering
S1-305440895,S2-594436200,350,posting_cap_or_token_filtering
S1-305440895,S3-547827089,350,posting_cap_or_token_filtering
S1-305440895,S3-292471555,350,posting_cap_or_token_filtering
S1-305440895,S3-210855008,350,posting_cap_or_token_filtering
S1-145606139,S2-999471757,350,posting_cap_or_token_filtering
S1-145606139,S3-230789820,350,posting_cap_or_token_filtering
S1-145606139,S3-212135744,350,posting_cap_or_token_filtering
S1-46716098,S3-214211825,350,posting_cap_or_token_filtering
S1-46716098,S3-135087123,350,posting_cap_or_token_filtering
S1-46716098,S2-313914652,350,posting_cap_or_token_filtering
S1-8092452,S2-404025676,350,posting_cap_or_token_filtering
S1-216511119,S3-47618118,0,zero_candidates
S1-216511119,S3-245059775,0,zero_candidates
S1-216511119,S3-188861564,0,zero_candidates
S1-216511119,S2-645205818,0,zero_candidates
S1-216511119,S3-700997777,0,zero_candidates
S1-499302167,S3-909488329,0,zero_candidates
S1-499302167,S2-45522817,0,zero_candidates
S1-499302167,S3-112888430,0,zero_candidates
S1-499302167,S2-148775637,0,zero_candidates
S1-499302167,S3-112108004,0,zero_candidates
S1-499302167,S3-76582686,0,zero_candidates
S1-499302167,S2-127669900,0,zero_candidates
S1-499302167,S3-469734598,0,zero_candidates
S1-417526535,S2-566526014,9,posting_cap_or_token_filtering
S1-613598143,S2-980172703,182,posting_cap_or_token_filtering
S1-613598143,S2-742518143,182,posting_cap_or_token_filtering
S1-491925427,S2-316603014,350,posting_cap_or_token_filtering
S1-491925427,S3-927635993,350,posting_cap_or_token_filtering
S1-491925427,S2-206983600,350,posting_cap_or_token_filtering
S1-378164861,S2-825460140,21,posting_cap_or_token_filtering
S1-378164861,S2-52711585,21,posting_cap_or_token_filtering
S1-639096068,S3-515416988,350,posting_cap_or_token_filtering
S1-639096068,S3-150643293,350,posting_cap_or_token_filtering
S1-639096068,S2-334697769,350,posting_cap_or_token_filtering
S1-639096068,S2-837803619,350,posting_cap_or_token_filtering
S1-639096068,S3-702803465,350,posting_cap_or_token_filtering
S1-639096068,S3-134346326,350,posting_cap_or_token_filtering
S1-639096068,S2-435057007,350,posting_cap_or_token_filtering
S1-111673633,S3-72536400,350,posting_cap_or_token_filtering
S1-17506850,S3-917774125,33,posting_cap_or_token_filtering
S1-68201540,S3-509801092,133,posting_cap_or_token_filtering
S1-831843558,S3-234100494,216,posting_cap_or_token_filtering
S1-831843558,S2-681892599,216,posting_cap_or_token_filtering
S1-63266922,S2-702144243,350,posting_cap_or_token_filtering
S1-63266922,S2-669009722,350,posting_cap_or_token_filtering
S1-63266922,S3-528435002,350,posting_cap_or_token_filtering
S1-836203525,S3-938277822,350,posting_cap_or_token_filtering
S1-836203525,S3-163446442,350,posting_cap_or_token_filtering
S1-465739288,S3-435599270,350,posting_cap_or_token_filtering
S1-988516196,S3-799417795,0,zero_candidates
S1-988516196,S2-39357842,0,zero_candidates
S1-988516196,S2-604842009,0,zero_candidates
S1-988516196,S3-45345410,0,zero_candidates
S1-612217752,S2-554245491,350,posting_cap_or_token_filtering
S1-612217752,S3-944912160,350,posting_cap_or_token_filtering
S1-846542666,S3-503257684,0,zero_candidates
S1-846542666,S2-805695464,0,zero_candidates
S1-846542666,S3-229111159,0,zero_candidates
S1-846542666,S2-93290803,0,zero_candidates
S1-846542666,S3-682021652,0,zero_candidates
S1-846542666,S2-896746887,0,zero_candidates
S1-419483044,S2-708439842,0,zero_candidates
S1-419483044,S2-497881051,0,zero_candidates
S1-419483044,S2-834046092,0,zero_candidates
S1-419483044,S2-828973635,0,zero_candidates
S1-419483044,S3-120588781,0,zero_candidates
S1-419483044,S3-861998724,0,zero_candidates
S1-787617931,S2-863761700,10,posting_cap_or_token_filtering
S1-535605149,S2-751164711,0,zero_candidates
S1-535605149,S2-950867387,0,zero_candidates
S1-535605149,S3-426905497,0,zero_candidates
S1-535605149,S3-441844163,0,zero_candidates
S1-498738124,S2-603877664,0,zero_candidates
S1-498738124,S2-218846957,0,zero_candidates
S1-498738124,S3-974705603,0,zero_candidates
S1-748364403,S3-355553997,0,zero_candidates
S1-748364403,S3-940222258,0,zero_candidates
S1-748364403,S2-166464835,0,zero_candidates
S1-748364403,S3-773858535,0,zero_candidates
S1-748364403,S3-949424666,0,zero_candidates
S1-155027115,S2-780856981,34,posting_cap_or_token_filtering
S1-417074218,S3-387274034,22,posting_cap_or_token_filtering
S1-417074218,S3-804702164,22,posting_cap_or_token_filtering
S1-63975497,S3-173550844,350,posting_cap_or_token_filtering
S1-63975497,S3-272084888,350,posting_cap_or_token_filtering
S1-483281264,S3-246582348,200,posting_cap_or_token_filtering
S1-483281264,S2-639567176,200,posting_cap_or_token_filtering
S1-140525226,S2-122823927,0,zero_candidates
S1-140525226,S3-173142466,0,zero_candidates
S1-140525226,S3-968874840,0,zero_candidates
S1-140525226,S2-173583152,0,zero_candidates
S1-616755144,S2-638279881,0,zero_candidates
S1-616755144,S3-608438229,0,zero_candidates
S1-387694500,S3-9126403,256,posting_cap_or_token_filtering
S1-387694500,S3-77197957,256,posting_cap_or_token_filtering
S1-664267481,S3-787923321,350,posting_cap_or_token_filtering
S1-798970125,S2-253395504,350,posting_cap_or_token_filtering
S1-557783855,S2-858086386,0,zero_candidates
S1-187558029,S3-243353843,0,zero_candidates
S1-187558029,S3-933157196,0,zero_candidates
S1-187558029,S3-995052021,0,zero_candidates
S1-187558029,S2-273759983,0,zero_candidates
S1-187558029,S3-816315044,0,zero_candidates
S1-737635669,S3-480268996,350,posting_cap_or_token_filtering
S1-737635669,S2-596317832,350,posting_cap_or_token_filtering
S1-737635669,S3-662788874,350,posting_cap_or_token_filtering
S1-737635669,S3-197753037,350,posting_cap_or_token_filtering
S1-737635669,S3-857979338,350,posting_cap_or_token_filtering
S1-669754446,S2-695643425,350,posting_cap_or_token_filtering
S1-669754446,S2-714356581,350,posting_cap_or_token_filtering
S1-356319224,S2-577061900,0,zero_candidates
S1-356319224,S2-714702079,0,zero_candidates
S1-356319224,S3-884878054,0,zero_candidates
S1-356319224,S3-790284367,0,zero_candidates
S1-551688195,S2-717382763,350,posting_cap_or_token_filtering
S1-116737194,S3-215417480,350,posting_cap_or_token_filtering
S1-116737194,S2-158716458,350,posting_cap_or_token_filtering
S1-116737194,S2-242454246,350,posting_cap_or_token_filtering
S1-116737194,S2-662170735,350,posting_cap_or_token_filtering
S1-136894582,S2-22011915,326,posting_cap_or_token_filtering
S1-136894582,S2-868217429,326,posting_cap_or_token_filtering
S1-567349457,S3-565190357,350,posting_cap_or_token_filtering
S1-567349457,S3-70405454,350,posting_cap_or_token_filtering
S1-567349457,S3-295513461,350,posting_cap_or_token_filtering
S1-468339122,S3-513775433,350,posting_cap_or_token_filtering
S1-615455408,S2-579204842,11,posting_cap_or_token_filtering
S1-615455408,S2-351928254,11,posting_cap_or_token_filtering
S1-615455408,S2-193907557,11,posting_cap_or_token_filtering
S1-615455408,S2-41001596,11,posting_cap_or_token_filtering
S1-615455408,S3-156495960,11,posting_cap_or_token_filtering
S1-705961596,S2-647049143,350,posting_cap_or_token_filtering
S1-705961596,S3-53750375,350,posting_cap_or_token_filtering
S1-297525707,S3-623258076,45,posting_cap_or_token_filtering
S1-764937251,S2-867209877,350,posting_cap_or_token_filtering
S1-915022305,S2-355615365,350,posting_cap_or_token_filtering
S1-16609748,S2-54823044,0,zero_candidates
S1-16609748,S2-802982832,0,zero_candidates
S1-16609748,S2-884975007,0,zero_candidates
S1-16609748,S2-960730403,0,zero_candidates
S1-16609748,S2-358858367,0,zero_candidates
S1-16609748,S3-400882561,0,zero_candidates
S1-281051556,S2-539994792,314,posting_cap_or_token_filtering
S1-536948776,S2-376450162,0,zero_candidates
S1-536948776,S3-783545761,0,zero_candidates
S1-536948776,S3-51327360,0,zero_candidates
S1-536948776,S2-769315859,0,zero_candidates
S1-536948776,S3-315892953,0,zero_candidates
S1-684505968,S3-300894176,46,posting_cap_or_token_filtering
S1-835425265,S2-493112937,0,zero_candidates
S1-835425265,S2-224023107,0,zero_candidates
S1-835425265,S3-847076297,0,zero_candidates
S1-835425265,S3-9987388,0,zero_candidates
S1-835425265,S2-825851111,0,zero_candidates
S1-835425265,S3-830853417,0,zero_candidates
S1-580966525,S3-528192734,350,posting_cap_or_token_filtering
S1-580966525,S3-173698306,350,posting_cap_or_token_filtering
S1-580966525,S2-987384275,350,posting_cap_or_token_filtering
S1-580966525,S3-751775609,350,posting_cap_or_token_filtering
S1-386654734,S3-508283569,0,zero_candidates
S1-579617619,S2-58788523,0,zero_candidates
S1-579617619,S2-665542215,0,zero_candidates
S1-504059078,S3-475719743,350,posting_cap_or_token_filtering
S1-504059078,S2-576213995,350,posting_cap_or_token_filtering
S1-828917180,S3-667380767,350,posting_cap_or_token_filtering
S1-828917180,S2-67200280,350,posting_cap_or_token_filtering
S1-828917180,S3-801453291,350,posting_cap_or_token_filtering
S1-973233920,S3-792460305,0,zero_candidates
S1-973233920,S3-110090880,0,zero_candidates
S1-973233920,S3-159133847,0,zero_candidates
S1-973233920,S2-428307002,0,zero_candidates
S1-919867800,S2-727311767,350,posting_cap_or_token_filtering
S1-919867800,S3-6154731,350,posting_cap_or_token_filtering
S1-223621109,S2-262241482,0,zero_candidates
S1-223621109,S3-548341368,0,zero_candidates
S1-223621109,S3-15370997,0,zero_candidates
S1-983652708,S3-958817857,0,zero_candidates
S1-983652708,S2-265523806,0,zero_candidates
S1-904479856,S2-734625882,350,posting_cap_or_token_filtering
S1-926958422,S2-823676093,350,posting_cap_or_token_filtering
S1-926958422,S3-478661923,350,posting_cap_or_token_filtering
S1-926958422,S2-480015962,350,posting_cap_or_token_filtering
S1-19593330,S2-200759904,350,posting_cap_or_token_filtering
S1-19593330,S3-823204576,350,posting_cap_or_token_filtering
S1-929809097,S2-591735846,350,posting_cap_or_token_filtering
S1-929809097,S2-753114601,350,posting_cap_or_token_filtering
S1-253986331,S2-132882662,137,posting_cap_or_token_filtering
S1-761585587,S3-72688650,111,posting_cap_or_token_filtering
S1-761585587,S2-509160915,111,posting_cap_or_token_filtering
S1-761585587,S2-586234138,111,posting_cap_or_token_filtering
S1-576153543,S2-149416100,350,posting_cap_or_token_filtering
S1-576153543,S3-323987800,350,posting_cap_or_token_filtering
S1-576153543,S3-29955784,350,posting_cap_or_token_filtering
S1-699955992,S3-69993000,350,posting_cap_or_token_filtering
S1-699955992,S2-619457951,350,posting_cap_or_token_filtering
S1-699955992,S3-130546119,350,posting_cap_or_token_filtering
S1-699955992,S3-105658018,350,posting_cap_or_token_filtering
S1-699955992,S3-797447667,350,posting_cap_or_token_filtering
S1-602775749,S2-872504799,350,posting_cap_or_token_filtering
S1-602775749,S2-161271237,350,posting_cap_or_token_filtering
S1-166601186,S2-419629303,350,posting_cap_or_token_filtering
S1-166601186,S3-743861068,350,posting_cap_or_token_filtering
S1-363414052,S2-559623141,350,posting_cap_or_token_filtering
S1-719919136,S3-882766547,0,zero_candidates
S1-719919136,S2-680886210,0,zero_candidates
S1-75134768,S3-146641895,0,zero_candidates
S1-75134768,S2-170486292,0,zero_candidates
S1-75134768,S2-623236074,0,zero_candidates
S1-124712855,S3-147531883,350,posting_cap_or_token_filtering
S1-305403960,S2-942407057,89,posting_cap_or_token_filtering
S1-925443249,S3-657719376,350,posting_cap_or_token_filtering
S1-925443249,S2-935239345,350,posting_cap_or_token_filtering
S1-925443249,S2-116616361,350,posting_cap_or_token_filtering
S1-94297591,S3-792334727,350,posting_cap_or_token_filtering
S1-817802155,S3-566171310,350,posting_cap_or_token_filtering
S1-817802155,S2-390634222,350,posting_cap_or_token_filtering
S1-501296085,S2-604608859,350,posting_cap_or_token_filtering
S1-98579303,S3-690119410,245,posting_cap_or_token_filtering
S1-98579303,S3-719484948,245,posting_cap_or_token_filtering
S1-121839562,S2-23421026,95,posting_cap_or_token_filtering
S1-121839562,S3-42114892,95,posting_cap_or_token_filtering
S1-79772943,S3-706508309,350,posting_cap_or_token_filtering
S1-79772943,S3-214703316,350,posting_cap_or_token_filtering
S1-694085192,S3-433741264,263,posting_cap_or_token_filtering
S1-694085192,S2-382062434,263,posting_cap_or_token_filtering
S1-694085192,S2-820989203,263,posting_cap_or_token_filtering
S1-410701476,S3-912785417,0,zero_candidates
S1-410701476,S2-659686073,0,zero_candidates
S1-410701476,S3-374691234,0,zero_candidates
S1-410701476,S3-828203053,0,zero_candidates
S1-410701476,S3-431811579,0,zero_candidates
S1-410701476,S2-95757467,0,zero_candidates
S1-862338675,S2-177685541,350,posting_cap_or_token_filtering
S1-862338675,S3-489874367,350,posting_cap_or_token_filtering
S1-862338675,S3-460733328,350,posting_cap_or_token_filtering
S1-448345019,S3-452820751,228,posting_cap_or_token_filtering
S1-448345019,S3-462678740,228,posting_cap_or_token_filtering
S1-883829621,S2-50778208,350,posting_cap_or_token_filtering
S1-883829621,S2-934657695,350,posting_cap_or_token_filtering
S1-883829621,S3-691381884,350,posting_cap_or_token_filtering
S1-153055996,S2-612435488,350,posting_cap_or_token_filtering
S1-252433119,S3-713360144,0,zero_candidates
S1-252433119,S3-673614942,0,zero_candidates
S1-252433119,S3-531855168,0,zero_candidates
S1-252433119,S2-398533842,0,zero_candidates
S1-324674388,S2-902329766,206,posting_cap_or_token_filtering
S1-638466806,S3-831002390,350,posting_cap_or_token_filtering
S1-638466806,S3-913224787,350,posting_cap_or_token_filtering
S1-638466806,S3-944048747,350,posting_cap_or_token_filtering
S1-638466806,S2-112143325,350,posting_cap_or_token_filtering
S1-638466806,S2-671312480,350,posting_cap_or_token_filtering
S1-3732976,S2-231615626,39,posting_cap_or_token_filtering
S1-29354465,S3-359160494,350,posting_cap_or_token_filtering
S1-772189406,S3-357418127,350,posting_cap_or_token_filtering
S1-610266870,S3-98319410,0,zero_candidates
S1-610266870,S2-793445903,0,zero_candidates
S1-610266870,S2-912327667,0,zero_candidates
S1-610266870,S2-541052850,0,zero_candidates
S1-506810298,S3-257917123,350,posting_cap_or_token_filtering
S1-50643392,S3-962228452,350,posting_cap_or_token_filtering
S1-652331096,S3-470716283,0,zero_candidates
S1-652331096,S3-280025695,0,zero_candidates
S1-652331096,S2-57232621,0,zero_candidates
S1-652331096,S2-844451178,0,zero_candidates
S1-652331096,S2-152006595,0,zero_candidates
S1-436985273,S2-488930867,0,zero_candidates
S1-436985273,S3-150259143,0,zero_candidates
S1-459696014,S2-724357562,350,posting_cap_or_token_filtering
S1-459696014,S3-811227952,350,posting_cap_or_token_filtering
S1-128347375,S3-507291376,0,zero_candidates
S1-128347375,S3-848225821,0,zero_candidates
S1-128347375,S2-243566223,0,zero_candidates
S1-820394674,S3-817289043,349,posting_cap_or_token_filtering
S1-116247627,S3-183591040,0,zero_candidates
S1-116247627,S3-88917139,0,zero_candidates
S1-116247627,S2-474566266,0,zero_candidates
S1-116247627,S3-399225632,0,zero_candidates
S1-116247627,S3-212907655,0,zero_candidates
S1-116247627,S2-430362798,0,zero_candidates
S1-409451774,S2-439674692,350,posting_cap_or_token_filtering
S1-581797355,S2-851665324,350,posting_cap_or_token_filtering
S1-284710338,S2-950692401,350,posting_cap_or_token_filtering
S1-284710338,S3-865225995,350,posting_cap_or_token_filtering
S1-284710338,S2-183695488,350,posting_cap_or_token_filtering
S1-812886866,S3-970079239,350,posting_cap_or_token_filtering
S1-677741106,S2-658878695,350,posting_cap_or_token_filtering
S1-677741106,S2-474342658,350,posting_cap_or_token_filtering
S1-677741106,S2-745716915,350,posting_cap_or_token_filtering
S1-263481527,S3-422873523,350,posting_cap_or_token_filtering
S1-447103941,S3-555505573,350,posting_cap_or_token_filtering
S1-177375169,S2-784656974,350,posting_cap_or_token_filtering
S1-177375169,S3-606959953,350,posting_cap_or_token_filtering
S1-706514314,S3-801963382,350,posting_cap_or_token_filtering
S1-706514314,S2-810456203,350,posting_cap_or_token_filtering
S1-352234501,S3-218212591,0,zero_candidates
S1-352234501,S2-164060088,0,zero_candidates
S1-352234501,S2-379384733,0,zero_candidates
S1-352234501,S2-229544676,0,zero_candidates
S1-352234501,S2-652730734,0,zero_candidates
S1-225119054,S3-742702989,0,zero_candidates
S1-225119054,S3-727018158,0,zero_candidates
S1-543144015,S2-935810015,350,posting_cap_or_token_filtering
S1-543144015,S2-946732153,350,posting_cap_or_token_filtering
S1-543144015,S2-284196531,350,posting_cap_or_token_filtering
S1-233584777,S3-794478258,350,posting_cap_or_token_filtering
S1-233584777,S3-843155622,350,posting_cap_or_token_filtering
S1-192327811,S3-282250085,306,posting_cap_or_token_filtering
S1-993357110,S3-527865973,0,zero_candidates
S1-993357110,S2-174666741,0,zero_candidates
S1-440023753,S2-990330432,273,posting_cap_or_token_filtering
S1-86094936,S2-28682309,0,zero_candidates
S1-86094936,S3-505894931,0,zero_candidates
S1-86094936,S2-750389241,0,zero_candidates
S1-488506845,S2-891565967,237,posting_cap_or_token_filtering
S1-654697159,S3-734974546,350,posting_cap_or_token_filtering
S1-405795474,S2-26964797,350,posting_cap_or_token_filtering
S1-876256279,S2-480801123,350,posting_cap_or_token_filtering
S1-876256279,S3-645487889,350,posting_cap_or_token_filtering
S1-651095976,S3-289302549,349,posting_cap_or_token_filtering
S1-651095976,S3-376912282,349,posting_cap_or_token_filtering
S1-651095976,S2-962975572,349,posting_cap_or_token_filtering
S1-522840559,S2-749481925,350,posting_cap_or_token_filtering
S1-522840559,S2-779790058,350,posting_cap_or_token_filtering
S1-522840559,S3-172990447,350,posting_cap_or_token_filtering
S1-757082720,S2-343259555,2,posting_cap_or_token_filtering
S1-842497118,S3-894080260,222,posting_cap_or_token_filtering
S1-326704888,S2-566328332,203,posting_cap_or_token_filtering
S1-326704888,S3-325712392,203,posting_cap_or_token_filtering
S1-720468760,S3-464975135,0,zero_candidates
S1-720468760,S2-495098095,0,zero_candidates
S1-720468760,S2-703072292,0,zero_candidates
S1-665355186,S2-275573747,350,posting_cap_or_token_filtering
S1-665355186,S2-243733605,350,posting_cap_or_token_filtering
S1-953470089,S3-430129367,350,posting_cap_or_token_filtering
S1-953470089,S3-300254136,350,posting_cap_or_token_filtering
S1-272091966,S3-237885546,350,posting_cap_or_token_filtering
S1-272091966,S2-286933403,350,posting_cap_or_token_filtering
S1-675959550,S2-500354211,350,posting_cap_or_token_filtering
S1-716442915,S3-355978425,350,posting_cap_or_token_filtering
S1-657025372,S3-851016597,350,posting_cap_or_token_filtering
S1-657025372,S3-489362331,350,posting_cap_or_token_filtering
S1-657025372,S2-744647893,350,posting_cap_or_token_filtering
S1-958577120,S2-658672541,350,posting_cap_or_token_filtering
S1-606480359,S2-11895238,4,posting_cap_or_token_filtering
S1-606480359,S2-527210577,4,posting_cap_or_token_filtering
S1-378652653,S3-96582083,350,posting_cap_or_token_filtering
S1-539197690,S2-443462047,350,posting_cap_or_token_filtering
S1-539197690,S3-36991592,350,posting_cap_or_token_filtering
S1-977704542,S2-361585645,0,zero_candidates
S1-977704542,S3-386715527,0,zero_candidates
S1-977704542,S2-351212256,0,zero_candidates
S1-338840619,S2-624410308,241,posting_cap_or_token_filtering
S1-338840619,S2-122455982,241,posting_cap_or_token_filtering
S1-338840619,S2-844460747,241,posting_cap_or_token_filtering
S1-338840619,S2-711927056,241,posting_cap_or_token_filtering
S1-152967828,S3-281425091,0,zero_candidates
S1-152967828,S3-449400755,0,zero_candidates
S1-152967828,S2-907012850,0,zero_candidates
S1-711682948,S3-834342742,261,posting_cap_or_token_filtering
S1-537478269,S3-777428093,0,zero_candidates
S1-537478269,S2-671424679,0,zero_candidates
S1-133868991,S3-994863284,5,posting_cap_or_token_filtering
S1-133868991,S3-535247730,5,posting_cap_or_token_filtering
S1-281356776,S2-178183232,0,zero_candidates
S1-281356776,S3-79293527,0,zero_candidates
S1-281356776,S3-328402545,0,zero_candidates
S1-281356776,S2-437044709,0,zero_candidates
S1-89093509,S3-3598545,350,posting_cap_or_token_filtering
S1-954595905,S2-533572108,350,posting_cap_or_token_filtering
S1-954595905,S3-642516522,350,posting_cap_or_token_filtering
S1-954595905,S3-130221188,350,posting_cap_or_token_filtering
S1-954595905,S3-449406986,350,posting_cap_or_token_filtering
S1-287666599,S2-594570026,350,posting_cap_or_token_filtering
S1-287666599,S3-737314411,350,posting_cap_or_token_filtering
S1-287666599,S3-517645522,350,posting_cap_or_token_filtering
S1-287666599,S2-107690465,350,posting_cap_or_token_filtering
S1-952988982,S3-414880865,24,posting_cap_or_token_filtering
S1-353948236,S2-729275616,350,posting_cap_or_token_filtering
S1-353948236,S3-843946011,350,posting_cap_or_token_filtering
S1-126927804,S3-773054197,194,posting_cap_or_token_filtering
S1-126927804,S2-434788498,194,posting_cap_or_token_filtering
S1-627443733,S2-886223886,350,posting_cap_or_token_filtering
S1-627443733,S3-709518255,350,posting_cap_or_token_filtering
S1-330281696,S3-790582857,0,zero_candidates
S1-330281696,S3-939469736,0,zero_candidates
S1-330281696,S2-448188089,0,zero_candidates
S1-330281696,S2-675464330,0,zero_candidates
S1-330281696,S2-715976968,0,zero_candidates
S1-763496609,S3-510672652,298,posting_cap_or_token_filtering
S1-763496609,S2-868047179,298,posting_cap_or_token_filtering
S1-631165181,S2-396816294,0,zero_candidates
S1-631165181,S2-464927504,0,zero_candidates
S1-631165181,S2-235024825,0,zero_candidates
S1-631165181,S3-790051539,0,zero_candidates
S1-631165181,S3-835344177,0,zero_candidates
S1-631165181,S3-113123769,0,zero_candidates
S1-737977090,S3-811761781,350,posting_cap_or_token_filtering
S1-987994833,S3-878747011,350,posting_cap_or_token_filtering
S1-512288351,S3-78633139,350,posting_cap_or_token_filtering
S1-512288351,S2-123887941,350,posting_cap_or_token_filtering
S1-512288351,S2-362326209,350,posting_cap_or_token_filtering
S1-512288351,S2-999266888,350,posting_cap_or_token_filtering
S1-512288351,S2-855618677,350,posting_cap_or_token_filtering
S1-493059116,S2-802677520,350,posting_cap_or_token_filtering
S1-74901450,S2-294278231,350,posting_cap_or_token_filtering
S1-74901450,S2-291355621,350,posting_cap_or_token_filtering
S1-19868030,S2-60528586,350,posting_cap_or_token_filtering
S1-19868030,S2-317511124,350,posting_cap_or_token_filtering
S1-460136045,S3-24612219,0,zero_candidates
S1-460136045,S3-979319828,0,zero_candidates
S1-460136045,S2-718987615,0,zero_candidates
S1-460136045,S2-983138087,0,zero_candidates
S1-460136045,S3-420941419,0,zero_candidates
S1-332388880,S3-525459700,350,posting_cap_or_token_filtering
S1-332388880,S2-792133931,350,posting_cap_or_token_filtering
S1-457615425,S3-400652925,350,posting_cap_or_token_filtering
S1-457615425,S2-926575050,350,posting_cap_or_token_filtering
S1-457615425,S2-487358904,350,posting_cap_or_token_filtering
S1-457615425,S3-285082353,350,posting_cap_or_token_filtering
S1-457615425,S3-559056940,350,posting_cap_or_token_filtering
S1-944430830,S3-122364418,0,zero_candidates
S1-944430830,S2-982990716,0,zero_candidates
S1-944430830,S2-857219094,0,zero_candidates
S1-90032658,S3-749559488,315,posting_cap_or_token_filtering
S1-483140947,S2-305690929,0,zero_candidates
S1-483140947,S3-579481799,0,zero_candidates
S1-483140947,S3-216980958,0,zero_candidates
S1-483140947,S3-835590110,0,zero_candidates
S1-483140947,S3-160719213,0,zero_candidates
S1-483140947,S2-414820151,0,zero_candidates
S1-306095185,S2-989597724,350,posting_cap_or_token_filtering
S1-306095185,S3-261575641,350,posting_cap_or_token_filtering
S1-387418200,S2-85757128,0,zero_candidates
S1-387418200,S3-281322816,0,zero_candidates
S1-387418200,S3-373656844,0,zero_candidates
S1-387418200,S2-836870603,0,zero_candidates
S1-387418200,S3-76032683,0,zero_candidates
S1-387418200,S3-386573427,0,zero_candidates
S1-500998121,S2-21055914,350,posting_cap_or_token_filtering
S1-500998121,S3-50449325,350,posting_cap_or_token_filtering
S1-362880192,S2-307086892,0,zero_candidates
S1-362880192,S2-539395967,0,zero_candidates
S1-362880192,S3-70868265,0,zero_candidates
S1-932539298,S2-857467191,350,posting_cap_or_token_filtering
S1-932539298,S2-373243961,350,posting_cap_or_token_filtering
S1-932539298,S2-780145988,350,posting_cap_or_token_filtering
S1-932539298,S2-122443790,350,posting_cap_or_token_filtering
S1-98168281,S3-434039953,3,posting_cap_or_token_filtering
S1-839067903,S3-514313335,27,posting_cap_or_token_filtering
S1-839067903,S3-809237962,27,posting_cap_or_token_filtering
S1-572490154,S2-989847647,268,posting_cap_or_token_filtering
S1-572490154,S2-915804541,268,posting_cap_or_token_filtering
S1-780502827,S3-408625130,350,posting_cap_or_token_filtering
S1-120433302,S2-44772905,350,posting_cap_or_token_filtering
S1-120433302,S3-360838758,350,posting_cap_or_token_filtering
S1-120433302,S3-784116632,350,posting_cap_or_token_filtering
S1-120433302,S3-768535966,350,posting_cap_or_token_filtering
S1-131038804,S2-655191371,350,posting_cap_or_token_filtering
S1-436307824,S3-871943803,350,posting_cap_or_token_filtering
S1-314962839,S2-544825069,350,posting_cap_or_token_filtering
S1-314962839,S3-10314010,350,posting_cap_or_token_filtering
S1-314962839,S3-63045797,350,posting_cap_or_token_filtering
S1-804663373,S2-498698607,0,zero_candidates
S1-804663373,S2-271689113,0,zero_candidates
S1-804663373,S2-167155593,0,zero_candidates
S1-760380153,S3-17610758,350,posting_cap_or_token_filtering
S1-820935401,S3-723520276,350,posting_cap_or_token_filtering
S1-820935401,S2-890315797,350,posting_cap_or_token_filtering
S1-820935401,S2-200378294,350,posting_cap_or_token_filtering
S1-562989120,S2-619841405,350,posting_cap_or_token_filtering
S1-562989120,S3-825790614,350,posting_cap_or_token_filtering
S1-125331877,S2-309315351,0,zero_candidates
S1-125331877,S3-898976397,0,zero_candidates
S1-125331877,S2-357054405,0,zero_candidates
S1-125331877,S2-20329354,0,zero_candidates
S1-125331877,S3-193883951,0,zero_candidates
S1-636549603,S2-710665123,0,zero_candidates
S1-636549603,S2-658862971,0,zero_candidates
S1-636549603,S2-111347047,0,zero_candidates
S1-636549603,S3-689111779,0,zero_candidates
S1-147465602,S3-227088249,0,zero_candidates
S1-147465602,S2-942578603,0,zero_candidates
S1-724291976,S3-618181395,22,posting_cap_or_token_filtering
S1-906281937,S3-810053263,350,posting_cap_or_token_filtering
S1-906281937,S2-175536134,350,posting_cap_or_token_filtering
S1-906281937,S3-51258129,350,posting_cap_or_token_filtering
S1-906281937,S2-232038324,350,posting_cap_or_token_filtering
S1-906281937,S3-408789370,350,posting_cap_or_token_filtering
S1-97581850,S3-60652506,21,posting_cap_or_token_filtering
S1-97581850,S3-3248296,21,posting_cap_or_token_filtering
S1-97581850,S3-256916098,21,posting_cap_or_token_filtering
S1-15005997,S2-730790380,350,posting_cap_or_token_filtering
S1-15005997,S3-153463654,350,posting_cap_or_token_filtering
S1-989125871,S3-540764595,0,zero_candidates
S1-989125871,S3-921982224,0,zero_candidates
S1-447452795,S3-366674728,0,zero_candidates
S1-447452795,S2-995233298,0,zero_candidates
S1-314045617,S3-491605587,350,posting_cap_or_token_filtering
S1-832593986,S3-461693223,0,zero_candidates
S1-90128015,S3-989736227,0,zero_candidates
S1-90128015,S2-232725993,0,zero_candidates
S1-90128015,S2-590587160,0,zero_candidates
S1-90128015,S2-682521929,0,zero_candidates
S1-90128015,S3-291341707,0,zero_candidates
S1-543291404,S2-728000855,350,posting_cap_or_token_filtering
S1-878904744,S2-813691423,0,zero_candidates
S1-878904744,S3-198857086,0,zero_candidates
S1-778456014,S2-441962131,350,posting_cap_or_token_filtering
S1-778456014,S3-315273814,350,posting_cap_or_token_filtering
S1-778456014,S2-337228324,350,posting_cap_or_token_filtering
S1-887285254,S2-357039906,350,posting_cap_or_token_filtering
S1-407730822,S3-647020443,350,posting_cap_or_token_filtering
S1-407730822,S2-83018575,350,posting_cap_or_token_filtering
S1-584442364,S2-324017658,350,posting_cap_or_token_filtering
S1-590082446,S3-949636981,61,posting_cap_or_token_filtering
S1-883468618,S3-149911356,129,posting_cap_or_token_filtering
S1-904228116,S3-52281916,350,posting_cap_or_token_filtering
S1-904228116,S3-820751238,350,posting_cap_or_token_filtering
S1-904228116,S3-295583017,350,posting_cap_or_token_filtering
S1-224534945,S2-518930624,350,posting_cap_or_token_filtering
S1-224534945,S3-957821128,350,posting_cap_or_token_filtering
S1-224534945,S3-141204833,350,posting_cap_or_token_filtering
S1-631840437,S3-664554414,350,posting_cap_or_token_filtering
S1-631840437,S2-816744528,350,posting_cap_or_token_filtering
S1-258353664,S2-546821025,350,posting_cap_or_token_filtering
S1-258353664,S2-454076205,350,posting_cap_or_token_filtering
S1-164240371,S3-460868914,350,posting_cap_or_token_filtering
S1-164240371,S3-565742141,350,posting_cap_or_token_filtering
S1-346603579,S2-514395311,0,zero_candidates
S1-328371553,S3-161420635,350,posting_cap_or_token_filtering
S1-328371553,S2-416709807,350,posting_cap_or_token_filtering
S1-328371553,S2-498981187,350,posting_cap_or_token_filtering
S1-116081375,S2-600462597,350,posting_cap_or_token_filtering
S1-159067707,S2-350100406,350,posting_cap_or_token_filtering
S1-159067707,S2-528635367,350,posting_cap_or_token_filtering
S1-159067707,S2-800147797,350,posting_cap_or_token_filtering
S1-730858380,S3-939820862,0,zero_candidates
S1-730858380,S2-458053768,0,zero_candidates
S1-101076392,S2-638267433,0,zero_candidates
S1-101076392,S3-897406794,0,zero_candidates
S1-101076392,S2-778615858,0,zero_candidates
S1-101076392,S2-492780513,0,zero_candidates
S1-101076392,S2-293182344,0,zero_candidates
S1-635491453,S2-253643954,0,zero_candidates
S1-635491453,S2-721953959,0,zero_candidates
S1-635491453,S3-519535235,0,zero_candidates
S1-635491453,S3-881939056,0,zero_candidates
S1-635491453,S2-80171195,0,zero_candidates
S1-635491453,S2-896610416,0,zero_candidates
S1-29696416,S3-931271880,1,posting_cap_or_token_filtering
S1-684012770,S3-738448811,350,posting_cap_or_token_filtering
S1-684012770,S3-319677962,350,posting_cap_or_token_filtering
S1-71172417,S3-806740086,24,posting_cap_or_token_filtering
S1-8813651,S3-965237238,0,zero_candidates
S1-8813651,S2-794077082,0,zero_candidates
S1-8813651,S3-585334001,0,zero_candidates
S1-8813651,S3-499691865,0,zero_candidates
S1-8813651,S3-491490554,0,zero_candidates
S1-183363639,S2-662575647,0,zero_candidates
S1-183363639,S3-607673931,0,zero_candidates
S1-999555430,S3-1804865,350,posting_cap_or_token_filtering
S1-999555430,S3-423974088,350,posting_cap_or_token_filtering
S1-633779655,S2-24729487,15,posting_cap_or_token_filtering
S1-633779655,S2-334509084,15,posting_cap_or_token_filtering
S1-690538628,S3-64108781,350,posting_cap_or_token_filtering
S1-690538628,S2-419717885,350,posting_cap_or_token_filtering
S1-690538628,S3-43480099,350,posting_cap_or_token_filtering
S1-86804153,S2-544802052,0,zero_candidates
S1-86804153,S2-403191215,0,zero_candidates
S1-86804153,S2-941915019,0,zero_candidates
S1-86804153,S2-844614219,0,zero_candidates
S1-86804153,S3-90236076,0,zero_candidates
S1-246225268,S3-272395505,350,posting_cap_or_token_filtering
S1-566485202,S3-232748232,0,zero_candidates
S1-566485202,S2-888495874,0,zero_candidates
S1-566485202,S3-116898417,0,zero_candidates
S1-566485202,S3-154724954,0,zero_candidates
S1-360188878,S2-162663361,350,posting_cap_or_token_filtering
S1-360188878,S2-336964689,350,posting_cap_or_token_filtering
S1-360188878,S3-629686619,350,posting_cap_or_token_filtering
S1-607646145,S2-861230026,350,posting_cap_or_token_filtering
S1-607646145,S3-209190763,350,posting_cap_or_token_filtering
S1-422926253,S2-906882157,0,zero_candidates
S1-422926253,S2-908239181,0,zero_candidates
S1-422926253,S3-763088443,0,zero_candidates
S1-422926253,S3-182229658,0,zero_candidates
S1-92729851,S3-149647877,0,zero_candidates
S1-92729851,S2-65120700,0,zero_candidates
S1-92729851,S3-806776548,0,zero_candidates
S1-92729851,S3-222366324,0,zero_candidates
S1-806365059,S2-652721057,350,posting_cap_or_token_filtering
S1-806365059,S3-354786323,350,posting_cap_or_token_filtering
S1-806365059,S3-91857662,350,posting_cap_or_token_filtering
S1-46049969,S3-188570179,304,posting_cap_or_token_filtering
S1-46049969,S3-802550985,304,posting_cap_or_token_filtering
S1-46049969,S3-76091146,304,posting_cap_or_token_filtering
S1-183540234,S3-365972187,350,posting_cap_or_token_filtering
S1-545370440,S2-551808572,350,posting_cap_or_token_filtering
S1-545370440,S2-455810153,350,posting_cap_or_token_filtering
S1-545370440,S3-105031946,350,posting_cap_or_token_filtering
S1-545370440,S3-651579676,350,posting_cap_or_token_filtering
S1-410040347,S3-186997268,115,posting_cap_or_token_filtering
S1-410040347,S2-286301971,115,posting_cap_or_token_filtering
S1-695737678,S3-880530172,350,posting_cap_or_token_filtering
S1-143410687,S2-585945975,0,zero_candidates
S1-143410687,S3-471022502,0,zero_candidates
S1-143410687,S3-229096809,0,zero_candidates
S1-690898835,S2-891899322,350,posting_cap_or_token_filtering
S1-690898835,S3-893743745,350,posting_cap_or_token_filtering
S1-690898835,S2-61006679,350,posting_cap_or_token_filtering
S1-196054265,S3-35720000,233,posting_cap_or_token_filtering
S1-710909094,S3-17904782,350,posting_cap_or_token_filtering
S1-710909094,S3-284710647,350,posting_cap_or_token_filtering
S1-171653159,S2-531915848,227,posting_cap_or_token_filtering
S1-861378966,S3-276627030,350,posting_cap_or_token_filtering
S1-861378966,S2-807946043,350,posting_cap_or_token_filtering
S1-861378966,S2-897233130,350,posting_cap_or_token_filtering
S1-861378966,S2-335184296,350,posting_cap_or_token_filtering
S1-60629534,S2-116431394,0,zero_candidates
S1-60629534,S3-553788808,0,zero_candidates
S1-679782609,S2-844278428,40,posting_cap_or_token_filtering
S1-403028834,S2-702709324,0,zero_candidates
S1-403028834,S3-714289919,0,zero_candidates
S1-403028834,S3-623756334,0,zero_candidates
S1-403028834,S2-92039499,0,zero_candidates
S1-279014952,S2-800340691,350,posting_cap_or_token_filtering
S1-66101502,S2-902455157,350,posting_cap_or_token_filtering
S1-66101502,S2-61752601,350,posting_cap_or_token_filtering
S1-66101502,S3-900196778,350,posting_cap_or_token_filtering
S1-419304665,S2-717447003,350,posting_cap_or_token_filtering
S1-464514986,S3-377657564,0,zero_candidates
S1-464514986,S3-604135891,0,zero_candidates
S1-464514986,S2-107295419,0,zero_candidates
S1-418896338,S2-392665278,0,zero_candidates
S1-418896338,S3-793295745,0,zero_candidates
S1-418896338,S2-272528085,0,zero_candidates
S1-418896338,S3-144430315,0,zero_candidates
S1-648894561,S3-809239143,0,zero_candidates
S1-648894561,S3-829470335,0,zero_candidates
S1-648894561,S2-460176788,0,zero_candidates
S1-648894561,S3-792976560,0,zero_candidates
S1-648894561,S2-443506042,0,zero_candidates
S1-143671838,S2-699308453,350,posting_cap_or_token_filtering
S1-143671838,S3-255543002,350,posting_cap_or_token_filtering
S1-143671838,S3-876790795,350,posting_cap_or_token_filtering
S1-751608780,S2-774810021,350,posting_cap_or_token_filtering
S1-751608780,S3-408862092,350,posting_cap_or_token_filtering
S1-751608780,S2-365246518,350,posting_cap_or_token_filtering
S1-751608780,S2-936453119,350,posting_cap_or_token_filtering
S1-751608780,S2-628981570,350,posting_cap_or_token_filtering
S1-163766842,S3-921257239,0,zero_candidates
S1-163766842,S3-640384301,0,zero_candidates
S1-163766842,S3-437156798,0,zero_candidates
S1-163766842,S2-573098593,0,zero_candidates
S1-104955523,S2-324764832,334,posting_cap_or_token_filtering
S1-291991311,S2-439359291,0,zero_candidates
S1-291991311,S3-724901632,0,zero_candidates
S1-291991311,S3-154850409,0,zero_candidates
S1-291991311,S3-226390850,0,zero_candidates
S1-291991311,S2-523837175,0,zero_candidates
S1-364278564,S2-511096878,213,posting_cap_or_token_filtering
S1-965040695,S2-487598817,350,posting_cap_or_token_filtering
S1-78166516,S2-72589029,350,posting_cap_or_token_filtering
S1-112860356,S2-206465802,350,posting_cap_or_token_filtering
S1-419129929,S3-717640722,350,posting_cap_or_token_filtering
S1-419129929,S2-380224939,350,posting_cap_or_token_filtering
S1-837908386,S3-19216036,0,zero_candidates
S1-837908386,S3-830327797,0,zero_candidates
S1-837908386,S3-228282490,0,zero_candidates
S1-837908386,S2-595535519,0,zero_candidates
S1-837908386,S2-178477919,0,zero_candidates
S1-718976444,S3-375212697,0,zero_candidates
S1-718976444,S3-449207960,0,zero_candidates
S1-718976444,S2-746094731,0,zero_candidates
S1-177943533,S3-135826486,350,posting_cap_or_token_filtering
S1-177943533,S3-191166289,350,posting_cap_or_token_filtering
S1-868064087,S2-245059100,350,posting_cap_or_token_filtering
S1-868064087,S2-512704372,350,posting_cap_or_token_filtering
S1-868064087,S3-65586630,350,posting_cap_or_token_filtering
S1-868064087,S2-783299750,350,posting_cap_or_token_filtering
S1-409256428,S3-503380310,48,posting_cap_or_token_filtering
S1-631031485,S3-234207725,0,zero_candidates
S1-631031485,S2-193418122,0,zero_candidates
S1-631031485,S3-830765926,0,zero_candidates
S1-631031485,S2-673783504,0,zero_candidates
S1-240050566,S3-110644764,0,zero_candidates
S1-240050566,S3-168601769,0,zero_candidates
S1-240050566,S2-926297831,0,zero_candidates
S1-240050566,S3-509765407,0,zero_candidates
S1-240050566,S3-886077092,0,zero_candidates
S1-240050566,S2-564377611,0,zero_candidates
S1-840622396,S3-463165437,0,zero_candidates
S1-130034572,S3-410656726,297,posting_cap_or_token_filtering
S1-164072881,S2-856375008,0,zero_candidates
S1-164072881,S3-779046844,0,zero_candidates
S1-487652257,S2-191176296,151,posting_cap_or_token_filtering
S1-92502000,S2-715239216,350,posting_cap_or_token_filtering
S1-667406578,S2-865922287,350,posting_cap_or_token_filtering
S1-667406578,S3-591767607,350,posting_cap_or_token_filtering
S1-667406578,S3-665903999,350,posting_cap_or_token_filtering
S1-667406578,S2-136825099,350,posting_cap_or_token_filtering
S1-908498505,S3-70675543,350,posting_cap_or_token_filtering
S1-156883486,S3-71161271,160,posting_cap_or_token_filtering
S1-231101064,S2-817560564,350,posting_cap_or_token_filtering
S1-372903225,S2-247750190,350,posting_cap_or_token_filtering
S1-372903225,S3-210640327,350,posting_cap_or_token_filtering
S1-372903225,S3-320991724,350,posting_cap_or_token_filtering
S1-372903225,S3-845582833,350,posting_cap_or_token_filtering
S1-621386822,S2-792501876,350,posting_cap_or_token_filtering
S1-621386822,S3-647419392,350,posting_cap_or_token_filtering
S1-238012566,S3-538256219,350,posting_cap_or_token_filtering
S1-238012566,S2-231992389,350,posting_cap_or_token_filtering
S1-96384915,S3-62224210,2,posting_cap_or_token_filtering
S1-96384915,S3-537319041,2,posting_cap_or_token_filtering
S1-96384915,S3-193368378,2,posting_cap_or_token_filtering
S1-307702274,S2-331471493,350,posting_cap_or_token_filtering
S1-307702274,S2-811665838,350,posting_cap_or_token_filtering
S1-307702274,S2-902914902,350,posting_cap_or_token_filtering
S1-933356469,S2-530038004,350,posting_cap_or_token_filtering
S1-164830224,S2-858795480,0,zero_candidates
S1-164830224,S2-968176355,0,zero_candidates
S1-164830224,S3-982464335,0,zero_candidates
S1-164830224,S3-386608562,0,zero_candidates
S1-100405609,S3-613703088,350,posting_cap_or_token_filtering
S1-100405609,S3-851956242,350,posting_cap_or_token_filtering
S1-234407650,S3-205070315,350,posting_cap_or_token_filtering
S1-234407650,S2-487860937,350,posting_cap_or_token_filtering
S1-725482440,S2-897894809,0,zero_candidates
S1-725482440,S3-875456940,0,zero_candidates
S1-725482440,S2-656918430,0,zero_candidates
S1-725482440,S2-447747530,0,zero_candidates
S1-622515318,S2-594570108,350,posting_cap_or_token_filtering
S1-59409377,S2-664205347,157,posting_cap_or_token_filtering
S1-319952925,S2-307146468,350,posting_cap_or_token_filtering
S1-319952925,S3-195912121,350,posting_cap_or_token_filtering
S1-580992307,S3-178110428,4,posting_cap_or_token_filtering
S1-580992307,S3-938870340,4,posting_cap_or_token_filtering
S1-580992307,S3-62710162,4,posting_cap_or_token_filtering
S1-744424482,S3-127543142,350,posting_cap_or_token_filtering
S1-744424482,S3-773004776,350,posting_cap_or_token_filtering
S1-160617128,S2-807973688,350,posting_cap_or_token_filtering
S1-160617128,S2-917189378,350,posting_cap_or_token_filtering
S1-388951829,S2-588414431,350,posting_cap_or_token_filtering
S1-554328643,S3-107376097,0,zero_candidates
S1-554328643,S2-33871673,0,zero_candidates
S1-554328643,S2-630903155,0,zero_candidates
S1-959189311,S3-488144794,350,posting_cap_or_token_filtering
S1-959189311,S2-151292966,350,posting_cap_or_token_filtering
S1-959189311,S3-871141451,350,posting_cap_or_token_filtering
S1-355110377,S2-741696974,0,zero_candidates
S1-355110377,S2-710157624,0,zero_candidates
S1-355110377,S3-583692928,0,zero_candidates
S1-419243203,S3-310867408,0,zero_candidates
S1-419243203,S2-909530068,0,zero_candidates
S1-791484925,S2-987121191,350,posting_cap_or_token_filtering
S1-823066174,S3-949799299,350,posting_cap_or_token_filtering
S1-823066174,S2-574433386,350,posting_cap_or_token_filtering
S1-823066174,S3-827310780,350,posting_cap_or_token_filtering
S1-345107626,S2-553873238,350,posting_cap_or_token_filtering
S1-345107626,S3-148615099,350,posting_cap_or_token_filtering
S1-345107626,S3-502648114,350,posting_cap_or_token_filtering
S1-345107626,S2-356347077,350,posting_cap_or_token_filtering
S1-277014552,S2-826561447,0,zero_candidates
S1-277014552,S2-795145924,0,zero_candidates
S1-277014552,S2-825886653,0,zero_candidates
S1-277014552,S3-448296506,0,zero_candidates
S1-277014552,S3-691308793,0,zero_candidates
S1-456715439,S3-325897166,350,posting_cap_or_token_filtering
S1-637465929,S3-509247589,350,posting_cap_or_token_filtering
S1-526349990,S3-525806883,0,zero_candidates
S1-526349990,S3-408891606,0,zero_candidates
S1-80960427,S2-114199102,329,posting_cap_or_token_filtering
S1-460133008,S2-76548146,350,posting_cap_or_token_filtering
S1-460133008,S2-211840924,350,posting_cap_or_token_filtering
S1-460133008,S2-266205399,350,posting_cap_or_token_filtering
S1-292830915,S3-899199876,0,zero_candidates
S1-292830915,S3-284264975,0,zero_candidates
S1-51101506,S2-292920646,135,posting_cap_or_token_filtering
S1-512080827,S3-925798450,350,posting_cap_or_token_filtering
S1-512080827,S2-37397311,350,posting_cap_or_token_filtering
S1-529148390,S3-828700224,350,posting_cap_or_token_filtering
S1-529148390,S3-336669922,350,posting_cap_or_token_filtering
S1-529148390,S3-695353747,350,posting_cap_or_token_filtering
S1-529148390,S2-803565,350,posting_cap_or_token_filtering
S1-12487330,S2-643060987,350,posting_cap_or_token_filtering
S1-831133424,S2-848041579,327,posting_cap_or_token_filtering
S1-671445253,S2-510085826,0,zero_candidates
S1-671445253,S3-806509432,0,zero_candidates
S1-671445253,S3-688320545,0,zero_candidates
S1-700600281,S3-133938298,350,posting_cap_or_token_filtering
S1-700600281,S2-830786345,350,posting_cap_or_token_filtering
S1-700600281,S2-527617444,350,posting_cap_or_token_filtering
