file_name,entity_id,business_name,business_name_clean,name_significant_tokens,business_address,business_address_clean,address_numbers,country,country_clean
train_source1,S1-925783039,Orelee's Barbershop,orelee s barbershop,orelee s barbershop,"1795 Westchester Drive, High Point, NC",1795 westchester drive high point nc,1795,US,US
train_source1,S1-773889195,Prime Money,prime money,prime money,"17560 Ellis Road, Tahlequah, OK",17560 ellis road tahlequah ok,17560,US,US
train_source1,S1-377745466,B+ Retail Inc,b retail incorporated,b retail,"1712 Montebello Avenue, Phoenix, AZ",1712 montebello avenue phoenix az,1712,US,US
train_source1,S1-133037285,Christ Chapel,christ chapel,christ chapel,"2100 Cameron Drive, Unit APARTMENT G, Dundalk, MD",2100 cameron drive unit apartment g dundalk md,2100,US,US
train_source1,S1-755362802,Prabhav Business Center,prabhav business center,prabhav business center,"797, Lake Town Block A, Kolkata, Howrah, West Bengal",797 lake town block a kolkata howrah west bengal,797,India,India
train_source1,S1-851869949,Custom Wealth Services LLC,custom wealth services llc,custom wealth services,"OH, Columbus, 5559 Orville Avenue",oh columbus 5559 orville avenue,5559,US,US
train_source1,S1-785847572,Consulting Nyasa Nursing Private Limited,consulting nyasa nursing private limited,consulting nyasa nursing,"2505, Tower 1, Oakwood, Runwal Greens, Mulund Goreagon Link Road, Near Fortis Hospital, Bhandup West, Mumbai, Maharashtra",2505 tower 1 oakwood runwal greens mulund goreagon link road near fortis hospital bhandup west mumbai maharashtra,2505 1,India,India
train_source1,S1-27541239,Nexus Anchor Rain,nexus anchor rain,nexus anchor rain,"1111 Church Street, Unit 2007, Nashville, TN",1111 church street unit 2007 nashville tn,1111 2007,US,US
train_source1,S1-629417405,Moore Bitwise Inc,moore bitwise incorporated,moore bitwise,"337 Oakland Avenue, Michigan City, IN",337 oakland avenue michigan city in,337,US,US
train_source1,S1-22305073,Dermatology Green Medicine,dermatology green medicine,dermatology green medicine,"294 Meadowcreek Drive, Unit Unit 2, Village Of Pewaukee, WI",294 meadowcreek drive unit unit 2 village of pewaukee wi,294 2,US,US
train_source2,S2-166376419,राम मार्केटिंग प्राइवेट लिमिटेड,राम मार्केटिंग प्राइवेट लिमिटेड,राम मार्केटिंग प्राइवेट लिमिटेड,"KH NO. -570/13, NEW DELHI, WEST DELHI, Delhi",kh number 570 13 new delhi west delhi delhi,570 13,India,India
train_source2,S2-764573417,-- Holloway Peak Inc Seafood,holloway peak incorporated seafood,holloway peak seafood,"105 ELM ST, MORGANTON, NC",105 elm street morganton nc,105,US,US
train_source2,S2-639257739,आदित्य प्रॉपर्टीज एलएलपी,आदित्य प्रॉपर्टीज एलएलपी,आदित्य प्रॉपर्टीज एलएलपी,"G-3/571, GULMOHAR COLONY, BHOPAL, Madhya Pradesh",g 3 571 gulmohar colony bhopal madhya pradesh,3 571,India,India
train_source2,S2-163963287,Summit Inc,summit incorporated,summit,"GREENSBORO, NC, 19 1/2 STARDUST TRAIL",greensboro nc 19 1 2 stardust trail,19 1 2,US,US
train_source2,S2-49942811,Delta Tetlecommunication Inc,delta tetlecommunication incorporated,delta tetlecommunication,"914 PIERPONT AVE, CLEVELAND, OH",914 pierpont avenue cleveland oh,914,US,US
train_source2,S2-138046867,Lee and Lawson,lee and lawson,lee and lawson,"1702 Pine Avenue, CITY OF MENOMONIE, WI",1702 pine avenue city of menomonie wi,1702,US,US
train_source2,S2-584977605,SHIVSHAKTI VIDYALAYA VIDYALAYA OVERSEAS CORPORATION | www.shivshakti.com,shivshakti vidyalaya vidyalaya overseas corporation www shivshakti com,shivshakti vidyalaya vidyalaya overseas www shivshakti com,"H.NO 204 C ROAD HOSHIARPUR, PUNJAB, Punjab",h number 204 c road hoshiarpur punjab punjab,204,India,India
train_source2,S2-277444929,Shree Infracon Private Ltd,shree infracon private limited,shree infracon,"63/2275/7, ALHIND TOWER, FIRST FLOOR, JAFFERKHAN COLONY, KOZHIKODE, Kerala",63 2275 7 alhind tower first floor jafferkhan colony kozhikode kerala,63 2275 7,India,India
train_source2,S2-721031885,Chavira Platinum Chimera LLC,chavira platinum chimera llc,chavira platinum chimera,"282 SAXONY DRIVE, FTT MITCHELL, KY",282 saxony drive ftt mitchell ky,282,US,US
train_source2,S2-508602797,FOUNDATION EXCEL AGENCY PRIVATE  LIMITED,foundation excel agency private limited,foundation excel agency,"HN 753 E-1, BHARAT NAGAR, 104/1/1 ERANDWANE, Maharashtra",hn 753 e 1 bharat nagar 104 1 1 erandwane maharashtra,753 1 104 1 1,India,India
train_source3,S3-202863386,wilfordhancock.com,wilfordhancock com,wilfordhancock com,"Mack Rd, Haltom City, Texas",mack road haltom city texas,,US,US
train_source3,S3-859268022,International South Consultants Private Ltd,international south consultants private limited,international south consultants,,,,India,India
train_source3,S3-22467283,LLC Moncada Léarning Center,llc moncada léarning center,moncada léarning center,"5780 Fawn Ct, Fort Worth, Texas",5780 fawn ct fort worth texas,5780,US,US
train_source3,S3-671162755,Moyna's Coffee,moyna s coffee,moyna s coffee,"1 Ivanhoe Ave, PO Box 6009, Cincinnati, Ohio",1 ivanhoe avenue po box 6009 cincinnati ohio,1 6009,US,US
train_source3,S3-960981775,Pvt. EFS Print Ventures Ltd.,private efs print ventures limited,efs print ventures,"Door No 183, 41St Cross, 22Nd Main 9Th Block Jayanagar, Bengaluru Urban, Bangalore, ಕರ್ನಾಟಕ",door number 183 41st cross 22nd main 9th block jayanagar bengaluru urban bangalore ಕರ್ನಾಟಕ,183 41 22 9,India,India
train_source3,S3-578159284,LLC Hernandez Colonial Redwood,llc hernandez colonial redwood,hernandez colonial redwood,"2260- Housecreek Trail, Unit 407, Raleigh, North Carolina",2260 housecreek trail unit 407 raleigh north carolina,2260 407,US,US
train_source3,S3-121412624,Classic Equity Partners Group,classic equity partners group,classic equity partners group,"6885 Catalpa Bluff Ln, PO Box 5799, Dickinson, Texas",6885 catalpa bluff lane po box 5799 dickinson texas,6885 5799,US,US
train_source3,S3-249416830,Ectolumdrex dba X+ Madison Inc,ectolumdrex dba x madison incorporated,ectolumdrex dba x madison,"S03575 Cty Tk M, Town Of Buffalo, WI",s03575 cty tk m town of buffalo wi,03575,US,US
train_source3,S3-107644605,Animal Hanisch Hospirlg,animal hanisch hospirlg,animal hanisch hospirlg,"##8 Willow Oak Lane, Fl. 0, Saint Louis, Missouri",8 willow oak lane floor 0 saint louis missouri,8 0,US,US
train_source3,S3-160217003,Gomez Optimal,gomez optimal,gomez optimal,"343 Hempstead 161, Hope, Arkansas",343 hempstead 161 hope arkansas,343 161,US,US
test_source1,S1-714132312,Zephay Labs Inc,zephay labs incorporated,zephay labs,"2621 Cotten Road, Tyler, TX",2621 cotten road tyler tx,2621,US,US
test_source1,S1-106407869,Vision Partners Corp,vision partners corporation,vision partners,"IA, Iowa City, 1064 Newton Rd, Unit 11",ia iowa city 1064 newton road unit 11,1064 11,US,US
test_source1,S1-156285671,<< Team Ecole,team ecole,team ecole,"175 Boulevard du Président Franklin Roosevelt, Bordeaux, Nouvelle-Aquitaine",175 boulevard du président franklin roosevelt bordeaux nouvelle aquitaine,175,France,France
test_source1,S1-689823050,Red Perfect Trading,red perfect trading,red perfect trading,"Mirzapur, Ews 12, Uttar Pradesh, Mirzapursadar, Awas Vikas Colony",mirzapur ews 12 uttar pradesh mirzapursadar awas vikas colony,12,India,India
test_source1,S1-921369899,ZNB Club SARL,znb club sarl,znb club,"Nouvelle-Aquitaine, La Teste-de-Buch, 5 bis Rue Pierre Dignac",nouvelle aquitaine la teste de buch 5 bis rue pierre dignac,5,France,France
test_source1,S1-481669221,Nandlal Kisan LLP,nandlal kisan llp,nandlal kisan llp,"D-61 Ifs Apartmentmayur Vihar I, New Delhi, East Delhi, Delhi",d 61 ifs apartmentmayur vihar i new delhi east delhi delhi,61,India,India
test_source1,S1-909865979,Cure Seafood,cure seafood,cure seafood,"1325 Brooklyn Walk, Issaquah, WA",1325 brooklyn walk issaquah wa,1325,US,US
test_source1,S1-280204013,Om Constructions Pvt Ltd,om constructions private limited,om constructions,"Karauli, Rajasthan, Karauli, Pani Ki Tanki Ke Pas Choubepada",karauli rajasthan karauli pani ki tanki ke pas choubepada,,India,India
test_source1,S1-742053041,Roongta Sangh,roongta sangh,roongta sangh,"Bhubaneswar, Sub Plot No.-L6/29, Mahodadhi Bhawan (Next To Iter College) Panchasakha Nagar, Dumuduma, Khordha, Plot No.-780, Orissa",bhubaneswar sub plot number l6 29 mahodadhi bhawan next to iter college panchasakha nagar dumuduma khordha plot number 780 orissa,6 29 780,India,India
test_source1,S1-913506265,Thermal & Fils SASU,thermal fils sasu,thermal fils sasu,"20 Rue Parmentier, Dunkerque, Hauts-de-France",20 rue parmentier dunkerque hauts de france,20,France,France
test_source2,S2-192345572,Brahma Infosoft,brahma infosoft,brahma infosoft,"COIMATORE COLONY, HUNSUR TQMYSORE DIST., Karnataka",coimatore colony hunsur tqmysore dist karnataka,,India,India
test_source2,S2-566025912,Marina Ecole France Sarl,marina ecole france sarl,marina ecole france,"63 R. DE DIEPPE, LILLE, Hauts-de-France",63 r de dieppe lille hauts de france,63,France,France
test_source2,S2-158121477,SCI Ptit Àmicale,sci ptit àmicale,sci ptit àmicale,"18 RUE JEN ZAY, Dunkerque, Nord",18 rue jen zay dunkerque nord,18,France,France
test_source2,S2-89663826,Apex Summit,apex summit,apex summit,"67 KENTUCKY ST, SALYERSVILLE, KY",67 kentucky street salyersville ky,67,US,US
test_source2,S2-884102769,Fresh Truist,fresh truist,fresh truist,"8264 FILLY COURT, ROANOKE COUNTY, VA",8264 filly court roanoke county va,8264,US,US
test_source2,S2-910351373,PVT. INDUSTRIES PMB LEASING LIMITED,private industries pmb leasing limited,industries pmb leasing,"SURAT, OFFICE NO. 03038, TRADE HOUSE, NEAR RUSHABH PETROL PUMP, RING ROAD, Gujarat, SURAT",surat office number 03038 trade house near rushabh petrol pump ring road gujarat surat,03038,India,India
test_source2,S2-229677112,Clm Agro [Limited],clm agro limited,clm agro,"G-B3/5, T V INDUSTRIAL ESTATE 248/A, S K AHIRE MARG, WORLI, Maharashtra",g b3 5 t v industrial estate 248 a s k ahire marg worli maharashtra,3 5 248,India,India
test_source2,S2-770341988,sci ligue ici parents,sci ligue ici parents,sci ligue ici parents,"NO. 5 ALLÉE DES HÊTRES, Pornic, Loire-Atlantique",number 5 allée des hêtres pornic loire atlantique,5,France,France
test_source2,S2-375151053,A DIAMOND  SHORT LLC,a diamond short llc,a diamond short,"126-B New Line Road, MORRISTOWN, TN",126 b new line road morristown tn,126,US,US
test_source2,S2-701289183,Fanni's Dmaigesostcis,fanni s dmaigesostcis,fanni s dmaigesostcis,"1200 HWY 1187, CROWLEY, TX",1200 highway 1187 crowley tx,1200 1187,US,US
test_source3,S3-462677478,मॉडर्न फाइनेंस,मॉडर्न फाइनेंस,मॉडर्न फाइनेंस,"No 10 Enkay Square, 448A, Udyog Vihar Phase V, Gurugram, Gurgaon, HR",number 10 enkay square 448a udyog vihar phase v gurugram gurgaon hr,10 448,India,India
test_source3,S3-374810425,Shri Sai Infratech Co,shri sai infratech company,shri sai infratech,"3/115, East Delhi, DL",3 115 east delhi dl,3 115,India,India
test_source3,S3-198586129,Fractales Amis Groupe S.A.S,fractales amis groupe s a s,fractales amis groupe s a s,"23 Rue Icmre, La Teste-de-buch, Gironde",23 rue icmre la teste de buch gironde,23,France,France
test_source3,S3-10300249,Shri Supreme Consulting Private  (Limited),shri supreme consulting private limited,shri supreme consulting,"H.no 910 A 3503, Mumbai, महाराष्ट्र",h number 910 a 3503 mumbai महाराष्ट्र,910 3503,India,India
test_source3,S3-604980231,Prime Realty Ventures Public Limited,prime realty ventures public limited,prime realty ventures public,"G.t. Karnal Road, Industrial Area, New Delhi, null, A-68, दिल्ली",g t karnal road industrial area new delhi null a 68 दिल्ली,68,India,India
test_source3,S3-577972146,Perfect Investments Private,perfect investments private,perfect investments,"Plot No.99, Flat No.201, Sri Dhama Apts., Road No.4, Shaikpet, Hyderabad, TG",plot number 99 flat number 201 sri dhama apts road number 4 shaikpet hyderabad tg,99 201 4,India,India
test_source3,S3-150632472,Pace Mfa PC,pace mfa pc,pace mfa pc,"2132 Thomas Run Road, Bel Air, Maryland",2132 thomas run road bel air maryland,2132,US,US
test_source3,S3-184785497,ஈஸ்டர்ன் கன்சல்டன்சி பிரைவேட் லிமிடெட்,ஈஸ்டர்ன் கன்சல்டன்சி பிரைவேட் லிமிடெட்,ஈஸ்டர்ன் கன்சல்டன்சி பிரைவேட் லிமிடெட்,"1410 Sri Mahalakshmi Mandiar 59, Justice Rathinavel Pandian Road, Chennai, TN",1410 sri mahalakshmi mandiar 59 justice rathinavel pandian road chennai tn,1410 59,India,India
test_source3,S3-536202929,PU Pvt. Ltd. Services,pu private limited services,pu services,"TG, Plot No-25, Hyderabad, Qutubullapur, 26, 27, Mayuri Nagar, Bachupally",tg plot number 25 hyderabad qutubullapur 26 27 mayuri nagar bachupally,25 26 27,India,India
test_source3,S3-560657213,Sun पावर Provision,sun पावर provision,sun पावर provision,"143-Alig Flats Rajouri Garden, New Delhi, West Delhi, DL",143 alig flats rajouri garden new delhi west delhi dl,143,India,India
