key_type,country,key,posting_count
name_token,India,राम,4653
name_token,India,मार्केटिंग,8402
name_token,India,प्राइवेट,246472
name_token,India,लिमिटेड,296635
name_token,US,holloway,733
name_token,US,peak,22911
name_token,US,seafood,10903
name_token,India,आदित्य,4819
name_token,India,प्रॉपर्टीज,8327
name_token,India,एलएलपी,24298
name_token,US,summit,48147
name_token,US,delta,25807
name_token,US,tetlecommunication,1
name_token,US,lee,8682
name_token,US,and,235094
name_token,US,lawson,1318
name_token,India,shivshakti,299
name_token,India,vidyalaya,8498
name_token,India,overseas,46749
name_token,India,www,11407
name_token,India,com,146176
name_token,India,shree,25752
name_token,India,infracon,1905
name_token,US,chavira,133
name_token,US,platinum,23726
name_token,US,chimera,1583
name_token,India,foundation,38529
name_token,India,excel,957
name_token,India,agency,1284
name_token,US,heassociates,1
name_token,US,com,266404
name_token,India,सन,4693
name_token,India,कंस्ट्रक्शंस,10263
name_token,India,global,33604
name_token,India,developers,31190
name_token,India,medicals,3041
name_token,US,asset,12603
name_token,US,building,5444
name_token,US,coalition,13026
name_token,US,olszewski,95
name_token,US,holding,6918
name_token,US,candy,187
name_token,US,services,151716
name_token,India,रियल,4674
name_token,India,मॉडर्न,4632
name_token,India,फूड,8061
name_token,US,crestline,1873
name_token,US,clean,23704
name_token,US,lp,93447
name_token,US,nion,115
name_token,US,keystone,24966
name_token,US,odyssey,1643
name_token,US,jones,18405
name_token,US,royal,23421
name_token,US,bancshares,1711
name_token,India,குளோபல்,1576
name_token,India,பிசினஸ்,1107
name_token,India,பிரைவேட்,38080
name_token,India,லிமிடெட்,44199
name_token,India,altitude,80
name_token,India,retail,2964
name_token,India,core,625
name_token,India,welfare,11737
name_token,India,society,19434
name_token,India,llp,139146
name_token,US,sweet,8497
name_token,US,barbershop,7774
name_token,US,cobalt,1826
name_token,US,piedmont,25473
name_token,US,complete,22300
name_token,US,chile,1654
name_token,US,empire,27554
name_token,US,school,20713
name_token,US,of,150888
name_token,US,medicine,64468
name_token,US,animal,13747
name_token,US,welfare,5013
name_token,US,nétwork,1094
name_token,US,hail,1027
name_token,US,harris,7431
name_token,US,roberts,4208
name_token,US,behavioral,21876
name_token,US,health,99434
name_token,US,anchor,24296
name_token,US,care,156113
name_token,US,bay,26189
name_token,US,bdc,1678
name_token,India,classic,8660
name_token,India,technologies,51556
name_token,US,division,6362
name_token,US,sanitation,1888
name_token,US,metro,45766
name_token,US,coaltimn,1
name_token,India,swastik,8611
name_token,India,impex,17523
name_token,US,eye,27041
name_token,US,valley,47743
name_token,US,direct,23724
name_token,US,acadia,1710
name_token,US,tataa,10
name_token,US,best,24556
name_token,US,agriculture,2742
name_token,US,tradin6,11
name_token,US,networks,14606
name_token,US,southside,18936
name_token,US,solstice,1869
name_token,India,ambernath,85
name_token,India,sólar,107
name_token,US,apex,26151
name_token,US,preferred,23813
name_token,US,strategy,1504
name_token,India,roopant,62
name_token,India,partners,51653
name_token,US,doolittle,72
name_token,US,hasvey,1
name_token,US,hardy,956
name_token,US,starkey,216
name_token,US,motor,4380
name_token,US,highland,48005
name_token,US,arc,1835
name_token,US,jen,163
name_token,US,elwood,82
name_token,US,art5,10
name_token,US,center,285248
name_token,US,vantageavigild,1
name_token,India,prprivate,7
name_token,India,tamanna,94
name_token,India,and,5327
name_token,India,brothers,70450
name_token,India,શક્તિ,545
name_token,India,અર્બન,509
name_token,India,પ્રોડક્ટ્સ,955
name_token,India,પ્રાઇવેટ,28199
name_token,India,લિમિટેડ,33910
name_token,US,autism,5950
name_token,US,assistance,5188
name_token,US,network,19480
name_token,US,guerra,865
name_token,US,krueger,432
name_token,US,table,1530
name_token,US,beacon,23295
name_token,US,realty,14468
name_token,US,industries,19759
name_token,India,radiant,827
name_token,India,marbles,523
name_token,India,palani,99
name_token,India,kripa,417
name_token,India,agrosheronhotels,1
name_token,India,great,8300
name_token,India,estate,16650
name_token,India,swayambhu,71
name_token,India,अल्फा,4599
name_token,India,अल,4712
name_token,India,टेक्नोलॉजीज,10248
name_token,US,pediatric,67983
name_token,US,dentistry,20378
name_token,US,crystal,22353
name_token,US,americancoalition,10
name_token,India,ग्लोबल,12818
name_token,India,इन्वेस्टमेंट,8285
name_token,India,प्रा,55393
name_token,India,लि,55393
name_token,US,first,30298
name_token,US,community,15747
name_token,US,church,24077
name_token,US,the,92042
name_token,US,spicewood,16
name_token,US,homes,1695
name_token,India,sree,10551
name_token,India,ventures,73301
name_token,US,mt,371
name_token,India,dubey,79
name_token,India,media,21528
name_token,US,pierce,1692
name_token,US,cal,1811
name_token,US,pc,75567
name_token,US,lewis,6276
name_token,US,fog1eman,1
name_token,US,lambert,1166
name_token,US,llp,2652
name_token,India,vishal,756
name_token,India,sons,37829
name_token,India,fo,225
name_token,India,india,223643
name_token,India,fortune,8388
name_token,India,center,129257
name_token,US,fh,173
name_token,US,bleihroeder,2
name_token,US,point,2891
name_token,US,lochravengolden,1
name_token,US,brothers,1043
name_token,US,service,75993
name_token,US,jeanette,121
name_token,US,fisher,2658
name_token,US,alliance,24532
name_token,India,luxmi,134
name_token,India,steel,6728
name_token,India,muskan,350
name_token,India,netcomm,20
name_token,India,bell,198
name_token,India,builders,21623
name_token,US,star,24313
name_token,US,chicago,3211
name_token,India,country,341
name_token,India,real,13666
name_token,US,medf0rd,5
name_token,US,optimal,22127
name_token,US,apple,1887
name_token,US,mendoza,2746
name_token,US,brumbaugh,81
name_token,US,focus,1629
name_token,US,group,211438
name_token,US,villafana,60
name_token,US,strategic,25882
name_token,India,royal,10533
name_token,US,marquezt0ken,1
name_token,US,nyssa,133
name_token,US,citizen,33
name_token,US,roman,2557
name_token,US,peakdynamicmetlife,3
name_token,India,फर्स्ट,4459
name_token,India,sri,55060
name_token,India,sark,104
name_token,India,comnsutanry,1
name_token,India,industries,81588
name_token,US,montage,1590
name_token,US,urgent,21734
name_token,US,centre,1888
name_token,India,jupiter,687
name_token,India,advisors,10762
name_token,US,premier,27494
name_token,US,surgical,23180
name_token,US,cillgc,1
name_token,US,harbor,46034
name_token,US,colonial,25203
name_token,US,centers,1608
name_token,US,cornerstone,23512
name_token,US,cloud,6374
name_token,US,labs,15877
name_token,India,traders,43188
name_token,India,enterprises,80564
name_token,India,પ્રાઇમ,583
name_token,India,બાલાજી,560
name_token,India,ટ્રેડિંગ,1247
name_token,India,પ્રા,6267
name_token,India,લિ,6267
name_token,US,design,7764
name_token,US,consultants,13252
name_token,US,great,26988
name_token,US,egnivonmntal,1
name_token,US,paul,1302
name_token,US,spale,1
name_token,US,lique,134
name_token,US,painting,3104
name_token,US,aguirre,892
name_token,US,hills,2262
name_token,US,vargas,2181
name_token,US,pharma,1612
name_token,US,hyacinthe,140
name_token,US,cusack,21
name_token,US,creative,28915
name_token,US,mortgage,9749
name_token,US,global,43906
name_token,US,gordon,1633
name_token,US,superior,25616
name_token,US,standard,3778
name_token,US,human,6365
name_token,US,rights,5515
name_token,US,society,15303
name_token,US,holdings,143862
name_token,US,alonsobambiedc,1
name_token,US,custom,22803
name_token,US,launchpad,1596
name_token,India,ahmedabad,4995
name_token,India,infratech,47109
name_token,India,होटल,6805
name_token,India,वेंचर्स,8441
name_token,India,gm,497
name_token,India,fabrics,1163
name_token,US,fanny,94
name_token,US,manufacturing,4480
name_token,US,donna,169
name_token,US,dvdis,1
name_token,US,tidewater,1732
name_token,US,urology,20810
name_token,US,clinic,75402
name_token,India,foods,27177
name_token,India,gdo1aag,1
name_token,India,realcon,943
name_token,India,almalindustries,1
name_token,US,jp,179
name_token,US,montreal,1976
name_token,India,sai,15414
name_token,India,tech,31813
name_token,US,conforti,51
name_token,US,lopez,9989
name_token,US,midtown,18881
name_token,US,national,28818
name_token,US,retail,9142
name_token,US,technologees,1
name_token,US,central,22849
name_token,India,shri,54919
name_token,India,upasana,96
name_token,India,hospitalities,317
name_token,India,clinic,18941
name_token,India,mirasolutions,1
name_token,US,family,49209
name_token,US,specialists,41267
name_token,US,madyne,116
name_token,US,associates,127571
name_token,US,kalie,64
name_token,US,cassidy,278
name_token,India,annex,122
name_token,India,memorlal,7
name_token,India,trust,27741
name_token,India,ox,225
name_token,India,innovation,1449
name_token,India,límited,33482
name_token,India,chandraindiafund,1
name_token,US,vj,132
name_token,US,frontier,25277
name_token,US,silver,32499
name_token,India,devam,261
name_token,India,rcm,85
name_token,India,public,70374
name_token,India,digital,12525
name_token,US,hospital,8854
name_token,US,boone,681
name_token,US,allen,5758
name_token,India,bhawani,350
name_token,India,furnishings,121
name_token,India,concrete,545
name_token,India,group,72566
name_token,India,of,28084
name_token,India,companies,6171
name_token,India,square,1436
name_token,India,xl,313
name_token,India,systems,23242
name_token,India,aura,644
name_token,India,enterprhses,2
name_token,US,mcelhiney,5
name_token,US,larosa,60
name_token,US,gonzales,2463
name_token,US,merger,1765
name_token,US,east,31359
name_token,US,hovnanian,1734
name_token,India,bangalore,17662
name_token,India,trading,68479
name_token,India,north,13200
name_token,US,mayers,62
name_token,US,towing,3593
name_token,US,ivenari,179
name_token,US,tankers,1742
name_token,India,konark,454
name_token,India,consulting,21707
name_token,US,wilton,66
name_token,US,welrfnre,1
name_token,US,grand,22256
name_token,India,ke,254
name_token,India,security,5046
name_token,India,unified,254
name_token,India,prvstbae,1
name_token,India,ratnagiri,271
name_token,India,narang,137
name_token,US,cure,14034
name_token,US,pilates,7288
name_token,India,golconda,248
name_token,India,riddhi,427
name_token,India,baba,8959
name_token,US,cater,26
name_token,US,ínfrastructure,330
name_token,US,henrico,367
name_token,US,county,6560
name_token,US,ínc,26806
name_token,US,rich,608
name_token,US,dávidson,19
name_token,India,mya,11
name_token,India,software,21457
name_token,US,addison,334
name_token,US,coastl,11
name_token,US,solutions,17578
name_token,US,tci,3
name_token,India,balaji,10626
name_token,India,producer,25649
name_token,India,जैन,4668
name_token,India,लक्ष्मी,9485
name_token,India,डेवलपर्स,8347
name_token,India,excelencia,10
name_token,India,services,160144
name_token,US,dupuis,121
name_token,US,villalba,84
name_token,US,reyes,3577
name_token,US,packaging,6136
name_token,US,18,507
name_token,US,fifth,3594
name_token,US,lane,6892
name_token,US,cómpany,903
name_token,India,qt,140
name_token,India,temp,7
name_token,US,cedar,2662
name_token,India,shiva,8872
name_token,India,international,38862
name_token,India,pigraate,1
name_token,India,shivainte,1
name_token,US,willow,3380
name_token,India,gold,9785
name_token,India,infotech,17706
name_token,India,motors,4693
name_token,India,pdriet,1
name_token,India,rich,599
name_token,US,dunkelberger,14
name_token,US,ánd,6279
name_token,US,weedman,28
name_token,US,fisheries,2799
name_token,US,douglas,3024
name_token,US,riverside,18958
name_token,India,dronagiri,56
name_token,India,college,8104
name_token,US,glyphifylaw,1
name_token,US,horizon,25790
name_token,US,brooks,2888
name_token,US,hcm,1935
name_token,US,partners,262996
name_token,India,etate,15
name_token,India,general,4072
name_token,US,moore,8477
name_token,US,prairie,25640
name_token,India,kadri,20
name_token,India,exports,63403
name_token,US,better,23895
name_token,US,gladstone,1340
name_token,India,tranz,44
name_token,US,lavena,116
name_token,US,cattell,25
name_token,US,shelby,436
name_token,US,automotive,4619
name_token,US,diam0nd,366
name_token,US,total,24263
name_token,US,donnelly,293
name_token,US,buasl,1
name_token,US,worldwide,16444
name_token,US,physical,27937
name_token,US,therapy,30334
name_token,India,epitome,173
name_token,India,vincom,803
name_token,US,delong,166
name_token,US,ready,1990
name_token,India,malappuram,1303
name_token,India,inftbech,1
name_token,US,borkowski,49
name_token,US,vance,2351
name_token,US,russ,198
name_token,US,fowler,1144
name_token,US,corriveau,55
name_token,US,diamond,22127
name_token,US,works,23765
name_token,US,7149969359,1
name_token,US,catarina,135
name_token,US,security,12258
name_token,India,मां,2380
name_token,India,इंफ्रा,8398
name_token,US,cardiology,28603
name_token,US,pioberce,1
name_token,US,furniture,1649
name_token,US,united,27190
name_token,US,defense,6434
name_token,India,agile,419
name_token,US,perea,158
name_token,US,select,23956
name_token,US,geo,196
name_token,US,management,13731
name_token,India,empire,677
name_token,India,ಮಾಡರ್ನ್,646
name_token,India,ಕನ್ಸಲ್ಟೆಂಟ್ಸ್,1215
name_token,India,ಪ್ರೈವೇಟ್,41905
name_token,India,ಲಿಮಿಟೆಡ್,48968
name_token,India,tiq,27
name_token,India,plaza,484
name_token,US,brittan,142
name_token,US,ayuso,4
name_token,US,vulcan,1415
name_token,India,ઓલ,541
name_token,India,હોસ્પિટાલિટી,918
name_token,US,nashville,1038
name_token,India,jawala,69
name_token,India,aditya,9463
name_token,India,बेस्ट,4800
name_token,India,फाइनेंस,8521
name_token,US,staffing,7576
name_token,US,downtown,26727
name_token,US,5732296575,1
name_token,US,lnc,6462
name_token,US,bynordic,1517
name_token,US,auryn,263
name_token,US,studios,14470
name_token,US,vanguard,24500
name_token,India,tes,39
name_token,India,sky,9251
name_token,India,bank,484
name_token,US,initiative,12977
name_token,US,ii,5724
name_token,US,zamudio,138
name_token,US,wíntergreen,75
name_token,US,cheng,321
name_token,US,consulting,4393
name_token,US,ace,23510
name_token,US,federal,29196
name_token,US,biomedical,6199
name_token,US,láboratories,566
name_token,India,sun,10179
name_token,US,harrell,597
name_token,US,romeo,121
name_token,US,patrick,699
name_token,US,vasquez,2534
name_token,US,zepeda,345
name_token,India,bagalkot,71
name_token,India,agritec,19
name_token,US,continental,27820
name_token,US,éndocrinology,472
name_token,India,ads,462
name_token,US,paltors,1
name_token,US,northumberland,17
name_token,US,8aptist,136
name_token,US,trading,18410
name_token,US,glyphus,161
name_token,US,pacific,29384
name_token,US,desert,25095
name_token,US,maintenance,2897
name_token,India,gtg,19
name_token,India,hemp,25
name_token,India,chakra,299
name_token,India,power,18232
name_token,US,biia,103
name_token,US,metropolitan,27709
name_token,US,cánada,101
name_token,US,wojciechowski,49
name_token,US,cleaning,14930
name_token,India,cawnpore,76
name_token,India,sonfgh,1
name_token,India,pearl,968
name_token,India,গোল্ড,576
name_token,India,প্রডিউসার,945
name_token,India,স্টোর্স,207
name_token,India,লিমিটেড,40348
name_token,India,párts,11
name_token,US,atlas,3528
name_token,US,devel0pment,38
name_token,US,seclarus,5
name_token,US,eastgate,18748
name_token,US,meade,313
name_token,US,j0annes,3
name_token,US,leonard,1069
name_token,US,brokerage,2928
name_token,US,dermatology,22331
name_token,US,capital,40606
name_token,India,jgsreal,1
name_token,US,ciprian0,4
name_token,US,thompson,7682
name_token,US,rea,417
name_token,India,dr,54891
name_token,India,arihant,8623
name_token,India,fínance,761
name_token,US,evitts,9
name_token,US,rbcoky,1
name_token,US,spade,1541
name_token,US,city,14232
name_token,US,green,29118
name_token,US,chiropractic,26307
name_token,US,physicians,37544
name_token,India,sk,1109
name_token,India,new,35486
name_token,India,delhi,34555
name_token,India,healthcare,20354
name_token,US,conklin,234
name_token,US,bowman,1138
name_token,US,mclaughlin,826
name_token,US,engineering,9370
name_token,US,dentcoffee,15
name_token,India,vishwa,482
name_token,US,holcomb,309
name_token,US,advisors,12535
name_token,US,dofloia,8
name_token,US,zeque,154
name_token,India,ಅರಿಹಂತ್,635
name_token,India,ಕ್ರಿಯೇಟಿವ್,688
name_token,India,ಟೆಕ್ನಾಲಜಿ,1145
name_token,India,ಎಲೆಕ್ಟ್ರಾನಿಕ್ಸ್,236
name_token,US,westcardiology,8
name_token,US,edgar,204
name_token,US,addi,161
name_token,US,fortunex,1611
name_token,US,fresh,30499
name_token,US,bakery,9959
name_token,US,congregation,3826
name_token,US,cathedral,2641
name_token,India,visage,19
name_token,India,nursing,9824
name_token,India,home,11696
name_token,India,future,9867
name_token,US,syntech,173
name_token,US,northside,18818
name_token,US,offshore,1662
name_token,India,rol,14
name_token,India,keeping,52
name_token,US,janel,168
name_token,US,flores,5004
name_token,US,property,9852
name_token,US,feldman,328
name_token,US,ching,108
name_token,US,berkley,1708
name_token,US,resources,6247
name_token,US,regional,34696
name_token,US,altisource,1504
name_token,US,valencia,1000
name_token,US,regency,1479
name_token,India,igj,24
name_token,US,dental,53061
name_token,US,myers,4585
name_token,US,beth,4218
name_token,India,skanda,169
name_token,India,dream,9704
name_token,India,htopotl,1
name_token,India,smt,54762
name_token,US,kaseyherediatailwind,1
name_token,US,sapphire,2183
name_token,US,noble,1907
name_token,India,nashik,1508
name_token,India,pówer,593
name_token,US,athey,88
name_token,US,bronner,49
name_token,US,trusted,22209
name_token,US,payment,6215
name_token,US,systems,15019
name_token,India,ace,9211
name_token,India,horticulture,242
name_token,US,kornex,287
name_token,US,exchange,1527
name_token,US,troy,241
name_token,US,ses,1898
name_token,US,telecom,6330
name_token,US,garcia,14049
name_token,US,modern,22369
name_token,US,boa,2028
name_token,US,campbell,4516
name_token,US,heartland,24698
name_token,US,acquisition,1653
name_token,India,एपेक्स,4714
name_token,US,palmieri,74
name_token,US,webster,2645
name_token,US,coastal,46083
name_token,US,white,9739
name_token,US,safe,25235
name_token,US,futurecorp,1586
name_token,India,micro,1720
name_token,India,distributors,2068
name_token,India,ihndni,1
name_token,US,kushnir,25
name_token,US,supreme,22100
name_token,US,richardson,3223
name_token,US,gaef,1
name_token,India,om,11842
name_token,India,products,24343
name_token,India,raj,9965
name_token,US,rdoesr,1
name_token,India,innovative,9242
name_token,India,consultancy,30557
name_token,India,psrivae,6
name_token,US,advanced,25815
name_token,US,rapid,22158
name_token,US,deutsche,1765
name_token,US,clarke,731
name_token,US,interstate,28186
name_token,US,printing,8175
name_token,US,luis,140
name_token,US,sachs,1668
name_token,India,bróthers,2958
name_token,US,analftics,1
name_token,US,products,11987
name_token,US,ortis,13
name_token,US,scheerg,1
name_token,US,ashford,1805
name_token,US,onyx,1847
name_token,US,gsvisioncom,1
name_token,India,symphony,136
name_token,India,clz,14
name_token,India,marketing,29749
name_token,US,sullivan,2631
name_token,US,wcrldre,1
name_token,India,red,9135
name_token,India,howrah,686
name_token,US,martinez,12577
name_token,US,telephone,1668
name_token,US,shaffer,789
name_token,US,love,893
name_token,US,hall,6406
name_token,US,ligand,1764
name_token,US,98587,2
name_token,US,secure,21535
name_token,US,bitcoin,1831
name_token,US,kessler,295
name_token,US,cateigng,1
name_token,US,hernandez,12651
name_token,US,dogecoin,1701
name_token,US,seneca,2023
name_token,India,ganpat,72
name_token,India,consultants,31885
name_token,US,monarrhc,1
name_token,US,johnston,1676
name_token,US,couriers,2941
name_token,US,ames,463
name_token,US,taylor,8830
name_token,US,mckinney,1038
name_token,India,solutions,69802
name_token,India,processing,914
name_token,US,bia,158
name_token,US,horse,1812
name_token,India,apex,9050
name_token,India,school,18140
name_token,US,ashby,271
name_token,US,cancer,6210
name_token,India,परफेक्ट,4645
name_token,India,daffodils,46
name_token,India,traodders,1
name_token,India,24,355
name_token,India,parganas,229
name_token,India,devi,974
name_token,US,kathlingaddyhartford,2
name_token,India,btprivate,17
name_token,India,vijay,8737
name_token,India,utsav,231
name_token,India,pali,133
name_token,India,gangendra,199
name_token,India,financial,4446
name_token,US,wildlife,6055
name_token,US,sóciety,818
name_token,India,kanakia,78
name_token,India,ಆಲ್,612
name_token,India,ಟೆಕ್,1854
name_token,US,nexiq,218
name_token,US,science,1885
name_token,India,annika,23
name_token,India,gift,183
name_token,US,little,10127
name_token,US,grill,10228
name_token,US,orellana,383
name_token,US,kensington,1701
name_token,US,gennie,131
name_token,US,kendrick,395
name_token,US,biracilik,1556
name_token,India,गुरु,4693
name_token,India,riya,226
name_token,India,castings,471
name_token,India,colour,308
name_token,India,shaper,20
name_token,US,liberty,28045
name_token,US,cgpoley,1
name_token,India,energy,21862
name_token,India,constructions,20937
name_token,US,pinnacle,25752
name_token,US,oxford,1716
name_token,US,pllc,49845
name_token,US,owners,6865
name_token,US,sunset,1977
name_token,US,avenue,3468
name_token,US,3773,9
name_token,US,carlye,153
name_token,US,mcadams,164
name_token,India,bivyan,11
name_token,India,chit,3970
name_token,US,cornerstonepampa,3
name_token,India,sanjay,590
name_token,India,sangh,9006
name_token,US,fairfax,948
name_token,US,upper,9395
name_token,US,macedisofn,1
name_token,India,build,848
name_token,India,cae,94
name_token,US,michael,480
name_token,US,pétroleum,218
name_token,US,clark,6633
name_token,US,darby,420
name_token,US,grimes,488
name_token,India,mrigaya,5
name_token,US,gertrudis,48
name_token,US,miranda,1291
name_token,US,reliable,24139
name_token,US,open,1586
name_token,US,gatech,106
name_token,India,bj,367
name_token,India,rathi,338
name_token,India,holdings,52181
name_token,US,castanospecialists,1
name_token,India,allen,55
name_token,India,hotels,4508
name_token,India,નોર્થ,620
name_token,India,એક્સપોર્ટ્સ,952
name_token,US,vision,27916
name_token,US,midwest,25707
name_token,US,foundation,14969
name_token,US,fellowshipst,1
name_token,India,ডায়নামিক,555
name_token,India,ইন্ডাস্ট্রিজ,1140
name_token,India,প্রাইভেট,34548
name_token,India,పర్‌ఫెక్ట్,707
name_token,India,యునైటెడ్,694
name_token,India,మీడియా,1162
name_token,India,ప్రైవేట్,44401
name_token,India,లిమిటెడ్,51485
name_token,US,charter,9227
name_token,India,bharat,9526
name_token,India,stores,3530
name_token,US,berger,530
name_token,US,gaming,1662
name_token,India,సన్,738
name_token,India,బెస్ట్,712
name_token,India,సొల్యూషన్స్,1490
name_token,India,mlg,74
name_token,India,mills,4184
name_token,US,berry,1548
name_token,US,saul,1463
name_token,US,pbc,1929
name_token,India,leo,581
name_token,India,on,747
name_token,US,nguyen,5068
name_token,US,ívenexnevada,1
name_token,India,rc,403
name_token,US,fúnure,1
name_token,US,borer,33
name_token,US,phillips,3832
name_token,US,mott,190
name_token,US,gates,799
name_token,India,হাইটেক,578
name_token,India,ইনফ্রা,911
name_token,US,automated,2413
name_token,US,ssythms,1
name_token,US,dodson,378
name_token,US,vertical,1677
name_token,India,smart,10099
name_token,India,mehta,705
name_token,India,service,43221
name_token,India,vasu,220
name_token,India,founders,57
name_token,US,colombiersugar,1
name_token,US,treasury,1555
name_token,US,2741,34
name_token,US,union,27941
name_token,US,boulevard,3276
name_token,US,rebekah,110
name_token,US,phillbisbs,1
name_token,US,choice,23930
name_token,India,mbc,19
name_token,India,hospital,10233
name_token,US,burden,172
name_token,US,convertible,1609
name_token,India,blossom,348
name_token,US,dale,570
name_token,US,goldamn,2
name_token,US,danko,63
name_token,US,bridge,1755
name_token,US,lakeside,18850
name_token,India,tarun,234
name_token,US,general,3768
name_token,India,meenyi,46
name_token,India,oncology,50
name_token,US,tw,248
name_token,US,clear,22140
name_token,US,galaxyedge,1673
name_token,India,axis,621
name_token,India,finishers,35
name_token,India,आनंद,4773
name_token,US,thrasher,155
name_token,US,wanner,101
name_token,US,5tenson,2
name_token,US,infrastructure,6791
name_token,India,milind,67
name_token,India,art,1279
name_token,US,jo,838
name_token,US,ann,988
name_token,US,millette,20
name_token,US,token,1627
name_token,India,sarvottam,200
name_token,US,fanni,127
name_token,US,jradn,1
name_token,US,redwood,3545
name_token,US,daher,29
name_token,US,financial,9755
name_token,India,नॉर्थ,4663
name_token,India,पावर,8503
name_token,India,हार्डवेयर,1834
name_token,India,farah,29
name_token,India,realty,4789
name_token,India,rva,45
name_token,India,addibivse,1
name_token,US,wittman,58
name_token,US,hurricane,36
name_token,US,west,34084
name_token,US,hamann,114
name_token,US,all,26939
name_token,US,electronic,3653
name_token,US,69673,1
name_token,US,noveon,171
name_token,US,market,3321
name_token,US,jacksonfirstshanghai,1
name_token,India,ശക്തി,327
name_token,India,ഇംപെക്സ്,616
name_token,India,പ്രൈവറ്റ്,21511
name_token,India,ലിമിറ്റഡ്,24811
name_token,US,topete,82
name_token,US,brocker,10
name_token,US,hicks,2149
name_token,US,memorial,5772
name_token,India,gmt,93
name_token,India,brcitrs,1
name_token,India,first,9218
name_token,India,ट्रेडिंग,10310
name_token,US,cecelia,92
name_token,US,watson,3294
name_token,US,www,20711
name_token,US,westltd,1
name_token,India,l0tus,215
name_token,India,it,18855
name_token,India,jai,12228
name_token,India,hands,154
name_token,India,jalgaon,318
name_token,India,commodities,1416
name_token,US,po,172
name_token,US,infrdssumciutre,1
name_token,US,urban,10502
name_token,US,massage,11132
name_token,India,infinity,990
name_token,India,techno,2476
name_token,US,houghton,152
name_token,US,nichols,1813
name_token,US,trosclair,34
name_token,India,shah,895
name_token,India,height,116
name_token,US,bloomington,366
name_token,US,cultural,5783
name_token,India,నార్త్,707
name_token,India,ఎస్టేట్,1245
name_token,US,alford,465
name_token,US,rowe,861
name_token,India,विजय,4561
name_token,India,इंटरनेशनल,12973
name_token,India,sonali,150
name_token,India,mbamkftisng,1
name_token,India,बिल्डर्स,8698
name_token,US,vareify,7
name_token,US,materials,6120
name_token,US,ondrea,125
name_token,US,allied,28239
name_token,US,australian,1654
name_token,US,jarlay,243
name_token,US,consolidated,3600
name_token,US,có,1532
name_token,US,murial,102
name_token,US,fulton,400
name_token,US,stár,534
name_token,US,living,1664
name_token,US,jannel,175
name_token,US,tracy,475
name_token,US,allurion,1474
name_token,US,kunde,18
name_token,US,curry,961
name_token,US,eastern,10474
name_token,US,spa,5156
name_token,US,3276849040,1
name_token,India,nath,565
name_token,US,express,24499
name_token,US,graphics,3062
name_token,US,2808212719,1
name_token,US,integrated,26068
name_token,US,wílliams,330
name_token,US,investment,6337
name_token,India,ఆల్,681
name_token,India,స్టార్,762
name_token,India,ప్రాజెక్ట్స్,1181
name_token,India,nandesari,13
name_token,India,shoes,239
name_token,US,bergeron,267
name_token,US,caldova,179
name_token,India,vpg,63
name_token,India,skilldevelopment,5
name_token,US,nlglá,1
name_token,US,sharyl,99
name_token,US,bufinton,1
name_token,US,krakacquisition,1740
name_token,India,properties,20637
name_token,US,housing,9719
name_token,India,vrm,94
name_token,US,christopherson,67
name_token,US,francois,193
name_token,US,cummings,899
name_token,India,plazma,20
name_token,US,crypto,1580
name_token,India,white,9559
name_token,India,investments,16574
name_token,US,kaufman,407
name_token,US,lyman,114
name_token,US,hennessythomas,1
